1,40000,5,128.20512820512744,-11.109940288370668,0.001,0.22162387,0.6811071,1.583854
2,40000,5,107.52688172043045,-11.109940288370668,0.001,0.22162387,0.6811071,1.583854
3,40000,5,-8.449999999999742,-11.109940288370668,0.001,0.22162387,0.6811071,1.583854
4,40000,5,107.91366906474853,-11.109940288370668,0.001,0.22162387,0.6811071,1.583854
5,40000,5,-12.742929292929125,-11.109940288370668,0.001,0.22162387,0.6811071,1.583854
6,40000,5,104.02684563758422,-11.109940288370668,0.001,0.22162387,0.6811071,1.583854
7,40000,5,118.1102362204726,-11.109940288370668,0.001,0.22162387,0.6811071,1.583854
8,40000,5,-11.24292929292913,-11.109940288370668,0.001,0.22162387,0.6811071,1.583854
9,40000,5,-10.363559322033728,-11.109940288370668,0.001,0.22162387,0.6811071,1.583854
10,40000,5,-17.100306748466195,-11.109940288370668,0.001,0.22162387,0.6811071,1.583854
1,80000,10,-11.156849315068293,-22.923269821201657,0.001,0.2795093,0.58069646,1.4409175
2,80000,10,-5.347833935017813,-22.923269821201657,0.001,0.2795093,0.58069646,1.4409175
3,80000,10,-8.977645051194346,-22.923269821201657,0.001,0.2795093,0.58069646,1.4409175
4,80000,10,-7.7274647887321555,-22.923269821201657,0.001,0.2795093,0.58069646,1.4409175
5,80000,10,-12.18564013840809,-22.923269821201657,0.001,0.2795093,0.58069646,1.4409175
6,80000,10,-18.67647058823523,-22.923269821201657,0.001,0.2795093,0.58069646,1.4409175
7,80000,10,-7.7280141843969306,-22.923269821201657,0.001,0.2795093,0.58069646,1.4409175
8,80000,10,-9.453389830508302,-22.923269821201657,0.001,0.2795093,0.58069646,1.4409175
9,80000,10,-15.315886287625265,-22.923269821201657,0.001,0.2795093,0.58069646,1.4409175
10,80000,10,104.52961672473897,-22.923269821201657,0.001,0.2795093,0.58069646,1.4409175
1,120000,15,-13.519278996865134,-31.099756192332517,0.001,0.2923576,0.5571574,1.4066869
2,120000,15,-9.936206896551505,-31.099756192332517,0.001,0.2923576,0.5571574,1.4066869
3,120000,15,-13.729816513761408,-31.099756192332517,0.001,0.2923576,0.5571574,1.4066869
4,120000,15,-7.621428571428392,-31.099756192332517,0.001,0.2923576,0.5571574,1.4066869
5,120000,15,3.9539525691702275,-31.099756192332517,0.001,0.2923576,0.5571574,1.4066869
6,120000,15,-7.677645051194337,-31.099756192332517,0.001,0.2923576,0.5571574,1.4066869
7,120000,15,-12.088834951456217,-31.099756192332517,0.001,0.2923576,0.5571574,1.4066869
8,120000,15,-12.357348242811417,-31.099756192332517,0.001,0.2923576,0.5571574,1.4066869
9,120000,15,0.3192307692310489,-31.099756192332517,0.001,0.2923576,0.5571574,1.4066869
10,120000,15,-11.703420195439634,-31.099756192332517,0.001,0.2923576,0.5571574,1.4066869
1,160000,20,99.66777408637883,-36.743735955230875,0.001,0.3005914,0.54708433,1.3947736
2,160000,20,26.440579710144533,-36.743735955230875,0.001,0.3005914,0.54708433,1.3947736
3,160000,20,24.674074074073573,-36.743735955230875,0.001,0.3005914,0.54708433,1.3947736
4,160000,20,121.56862745098046,-36.743735955230875,0.001,0.3005914,0.54708433,1.3947736
5,160000,20,104.16666666666696,-36.743735955230875,0.001,0.3005914,0.54708433,1.3947736
6,160000,20,19.91612903225768,-36.743735955230875,0.001,0.3005914,0.54708433,1.3947736
7,160000,20,19.23333333333293,-36.743735955230875,0.001,0.3005914,0.54708433,1.3947736
8,160000,20,13.593081761005957,-36.743735955230875,0.001,0.3005914,0.54708433,1.3947736
9,160000,20,92.02453987730074,-36.743735955230875,0.001,0.3005914,0.54708433,1.3947736
10,160000,20,103.8062283737027,-36.743735955230875,0.001,0.3005914,0.54708433,1.3947736
1,200000,25,22.328980891719326,-38.97717134732339,0.001,0.29841384,0.55470014,1.4078271
2,200000,25,107.91366906474853,-38.97717134732339,0.001,0.29841384,0.55470014,1.4078271
3,200000,25,38.1740740740737,-38.97717134732339,0.001,0.29841384,0.55470014,1.4078271
4,200000,25,105.63380281690175,-38.97717134732339,0.001,0.29841384,0.55470014,1.4078271
5,200000,25,27.99776357827445,-38.97717134732339,0.001,0.29841384,0.55470014,1.4078271
6,200000,25,113.13868613138723,-38.97717134732339,0.001,0.29841384,0.55470014,1.4078271
7,200000,25,28.67543859649082,-38.97717134732339,0.001,0.29841384,0.55470014,1.4078271
8,200000,25,27.22253521126718,-38.97717134732339,0.001,0.29841384,0.55470014,1.4078271
9,200000,25,32.043661971830595,-38.97717134732339,0.001,0.29841384,0.55470014,1.4078271
10,200000,25,102.04081632653077,-38.97717134732339,0.001,0.29841384,0.55470014,1.4078271
1,240000,30,38.4666666666664,-32.5423009877557,0.001,0.26639798,0.59219337,1.4507985
2,240000,30,43.26104868913831,-32.5423009877557,0.001,0.26639798,0.59219337,1.4507985
3,240000,30,21.57192982456052,-32.5423009877557,0.001,0.26639798,0.59219337,1.4507985
4,240000,30,119.04761904761881,-32.5423009877557,0.001,0.26639798,0.59219337,1.4507985
5,240000,30,36.78963210702312,-32.5423009877557,0.001,0.26639798,0.59219337,1.4507985
6,240000,30,45.91874999999972,-32.5423009877557,0.001,0.26639798,0.59219337,1.4507985
7,240000,30,35.44641638225229,-32.5423009877557,0.001,0.26639798,0.59219337,1.4507985
8,240000,30,105.2631578947372,-32.5423009877557,0.001,0.26639798,0.59219337,1.4507985
9,240000,30,35.30868167202547,-32.5423009877557,0.001,0.26639798,0.59219337,1.4507985
10,240000,30,31.19605678233408,-32.5423009877557,0.001,0.26639798,0.59219337,1.4507985
1,280000,35,122.86689419795195,-31.214129156751444,0.001,0.25849888,0.6091919,1.476897
2,280000,35,48.59374999999915,-31.214129156751444,0.001,0.25849888,0.6091919,1.476897
3,280000,35,33.84969325153351,-31.214129156751444,0.001,0.25849888,0.6091919,1.476897
4,280000,35,46.27407407407378,-31.214129156751444,0.001,0.25849888,0.6091919,1.476897
5,280000,35,45.560073260073,-31.214129156751444,0.001,0.25849888,0.6091919,1.476897
6,280000,35,128.78787878787813,-31.214129156751444,0.001,0.25849888,0.6091919,1.476897
7,280000,35,41.037809187278874,-31.214129156751444,0.001,0.25849888,0.6091919,1.476897
8,280000,35,32.890031152647744,-31.214129156751444,0.001,0.25849888,0.6091919,1.476897
9,280000,35,48.535877862595115,-31.214129156751444,0.001,0.25849888,0.6091919,1.476897
10,280000,35,32.49999999999972,-31.214129156751444,0.001,0.25849888,0.6091919,1.476897
1,320000,40,36.57306397306373,-27.75461516083293,0.001,0.25391063,0.6314148,1.516755
2,320000,40,123.2876712328769,-27.75461516083293,0.001,0.25391063,0.6314148,1.516755
3,320000,40,51.16923076923047,-27.75461516083293,0.001,0.25391063,0.6314148,1.516755
4,320000,40,24.319302949061417,-27.75461516083293,0.001,0.25391063,0.6314148,1.516755
5,320000,40,28.938764044943557,-27.75461516083293,0.001,0.25391063,0.6314148,1.516755
6,320000,40,37.74518272425222,-27.75461516083293,0.001,0.25391063,0.6314148,1.516755
7,320000,40,46.64944237918188,-27.75461516083293,0.001,0.25391063,0.6314148,1.516755
8,320000,40,49.369230769230434,-27.75461516083293,0.001,0.25391063,0.6314148,1.516755
9,320000,40,115.67164179104515,-27.75461516083293,0.001,0.25391063,0.6314148,1.516755
10,320000,40,37.205696202531364,-27.75461516083293,0.001,0.25391063,0.6314148,1.516755
1,360000,45,41.328571428571124,-24.126287662541255,0.001,0.2494818,0.65624976,1.5619972
2,360000,45,41.98421052631548,-24.126287662541255,0.001,0.2494818,0.65624976,1.5619972
3,360000,45,46.2358778625951,-24.126287662541255,0.001,0.2494818,0.65624976,1.5619972
4,360000,45,44.84944237918188,-24.126287662541255,0.001,0.2494818,0.65624976,1.5619972
5,360000,45,35.224919093850865,-24.126287662541255,0.001,0.2494818,0.65624976,1.5619972
6,360000,45,107.91366906474853,-24.126287662541255,0.001,0.2494818,0.65624976,1.5619972
7,360000,45,39.2041522491347,-24.126287662541255,0.001,0.2494818,0.65624976,1.5619972
8,360000,45,48.5911196911188,-24.126287662541255,0.001,0.2494818,0.65624976,1.5619972
9,360000,45,90.63444108761344,-24.126287662541255,0.001,0.2494818,0.65624976,1.5619972
10,360000,45,30.549664429529287,-24.126287662541255,0.001,0.2494818,0.65624976,1.5619972
1,400000,50,33.955696202531335,-21.375605340053117,0.001,0.24848305,0.6735107,1.5955212
2,400000,50,36.69594594594563,-21.375605340053117,0.001,0.24848305,0.6735107,1.5955212
3,400000,50,39.147908745246696,-21.375605340053117,0.001,0.24848305,0.6735107,1.5955212
4,400000,50,38.16881720430069,-21.375605340053117,0.001,0.24848305,0.6735107,1.5955212
5,400000,50,35.9845878136197,-21.375605340053117,0.001,0.24848305,0.6735107,1.5955212
6,400000,50,34.536423841059246,-21.375605340053117,0.001,0.24848305,0.6735107,1.5955212
7,400000,50,35.59366197183062,-21.375605340053117,0.001,0.24848305,0.6735107,1.5955212
8,400000,50,36.164359861591365,-21.375605340053117,0.001,0.24848305,0.6735107,1.5955212
9,400000,50,40.08956834532341,-21.375605340053117,0.001,0.24848305,0.6735107,1.5955212
10,400000,50,35.46666666666637,-21.375605340053117,0.001,0.24848305,0.6735107,1.5955212
1,440000,55,37.840067340067094,-21.39835800149734,0.001,0.25316563,0.68541974,1.6240226
2,440000,55,48.247908745246825,-21.39835800149734,0.001,0.25316563,0.68541974,1.6240226
3,440000,55,123.07692307692258,-21.39835800149734,0.001,0.25316563,0.68541974,1.6240226
4,440000,55,33.59999999999974,-21.39835800149734,0.001,0.25316563,0.68541974,1.6240226
5,440000,55,33.81116504854335,-21.39835800149734,0.001,0.25316563,0.68541974,1.6240226
6,440000,55,41.586440677965804,-21.39835800149734,0.001,0.25316563,0.68541974,1.6240226
7,440000,55,40.33421052631546,-21.39835800149734,0.001,0.25316563,0.68541974,1.6240226
8,440000,55,90.90909090909105,-21.39835800149734,0.001,0.25316563,0.68541974,1.6240226
9,440000,55,44.186956521738814,-21.39835800149734,0.001,0.25316563,0.68541974,1.6240226
10,440000,55,45.623076923076624,-21.39835800149734,0.001,0.25316563,0.68541974,1.6240226
1,480000,60,43.829411764705604,-21.675238180648314,0.001,0.25741398,0.6984877,1.6544077
2,480000,60,42.34944237918183,-21.675238180648314,0.001,0.25741398,0.6984877,1.6544077
3,480000,60,39.18411371237427,-21.675238180648314,0.001,0.25741398,0.6984877,1.6544077
4,480000,60,34.41390728476792,-21.675238180648314,0.001,0.25741398,0.6984877,1.6544077
5,480000,60,56.08008658008666,-21.675238180648314,0.001,0.25741398,0.6984877,1.6544077
6,480000,60,36.181818181817846,-21.675238180648314,0.001,0.25741398,0.6984877,1.6544077
7,480000,60,40.76494845360793,-21.675238180648314,0.001,0.25741398,0.6984877,1.6544077
8,480000,60,120.43795620437875,-21.675238180648314,0.001,0.25741398,0.6984877,1.6544077
9,480000,60,36.76756756756726,-21.675238180648314,0.001,0.25741398,0.6984877,1.6544077
10,480000,60,50.31937984496095,-21.675238180648314,0.001,0.25741398,0.6984877,1.6544077
1,520000,65,27.001374570446174,-16.247599120620034,0.001,0.25104943,0.722628,1.6963247
2,520000,65,49.964788732394126,-16.247599120620034,0.001,0.25104943,0.722628,1.6963247
3,520000,65,129.87012987012872,-16.247599120620034,0.001,0.25104943,0.722628,1.6963247
4,520000,65,100.69444444444466,-16.247599120620034,0.001,0.25104943,0.722628,1.6963247
5,520000,65,42.25938566552878,-16.247599120620034,0.001,0.25104943,0.722628,1.6963247
6,520000,65,106.89655172413826,-16.247599120620034,0.001,0.25104943,0.722628,1.6963247
7,520000,65,42.39999999999975,-16.247599120620034,0.001,0.25104943,0.722628,1.6963247
8,520000,65,109.27152317880794,-16.247599120620034,0.001,0.25104943,0.722628,1.6963247
9,520000,65,42.87235494880519,-16.247599120620034,0.001,0.25104943,0.722628,1.6963247
10,520000,65,33.47439024390212,-16.247599120620034,0.001,0.25104943,0.722628,1.6963247
1,560000,70,131.27413127413013,-13.023887224498997,0.001,0.2423566,0.7451438,1.7326655
2,560000,70,41.128571428571135,-13.023887224498997,0.001,0.2423566,0.7451438,1.7326655
3,560000,70,121.42857142857048,-13.023887224498997,0.001,0.2423566,0.7451438,1.7326655
4,560000,70,37.71739130434758,-13.023887224498997,0.001,0.2423566,0.7451438,1.7326655
5,560000,70,49.71227436823082,-13.023887224498997,0.001,0.2423566,0.7451438,1.7326655
6,560000,70,38.90947712418278,-13.023887224498997,0.001,0.2423566,0.7451438,1.7326655
7,560000,70,50.75820895522364,-13.023887224498997,0.001,0.2423566,0.7451438,1.7326655
8,560000,70,44.51379310344802,-13.023887224498997,0.001,0.2423566,0.7451438,1.7326655
9,560000,70,46.57169811320727,-13.023887224498997,0.001,0.2423566,0.7451438,1.7326655
10,560000,70,40.507692307692054,-13.023887224498997,0.001,0.2423566,0.7451438,1.7326655
1,600000,75,41.06666666666644,-7.102998892244387,0.001,0.22777128,0.7664741,1.760743
2,600000,75,47.62727272727247,-7.102998892244387,0.001,0.22777128,0.7664741,1.760743
3,600000,75,40.45693069306903,-7.102998892244387,0.001,0.22777128,0.7664741,1.760743
4,600000,75,120.14134275618305,-7.102998892244387,0.001,0.22777128,0.7664741,1.760743
5,600000,75,191.6167664670695,-7.102998892244387,0.001,0.22777128,0.7664741,1.760743
6,600000,75,38.76390728476799,-7.102998892244387,0.001,0.22777128,0.7664741,1.760743
7,600000,75,41.78356643356622,-7.102998892244387,0.001,0.22777128,0.7664741,1.760743
8,600000,75,43.94594594594571,-7.102998892244387,0.001,0.22777128,0.7664741,1.760743
9,600000,75,40.924115755626794,-7.102998892244387,0.001,0.22777128,0.7664741,1.760743
10,600000,75,39.150630914826245,-7.102998892244387,0.001,0.22777128,0.7664741,1.760743
1,640000,80,50.89077490774881,-3.391183777705423,0.001,0.21621573,0.7927923,1.8018253
2,640000,80,47.854946996466154,-3.391183777705423,0.001,0.21621573,0.7927923,1.8018253
3,640000,80,129.99999999999915,-3.391183777705423,0.001,0.21621573,0.7927923,1.8018253
4,640000,80,115.38461538461469,-3.391183777705423,0.001,0.21621573,0.7927923,1.8018253
5,640000,80,32.03023952095785,-3.391183777705423,0.001,0.21621573,0.7927923,1.8018253
6,640000,80,213.28671328671751,-3.391183777705423,0.001,0.21621573,0.7927923,1.8018253
7,640000,80,300.7246376811636,-3.391183777705423,0.001,0.21621573,0.7927923,1.8018253
8,640000,80,339.69465648855476,-3.391183777705423,0.001,0.21621573,0.7927923,1.8018253
9,640000,80,228.87323943662437,-3.391183777705423,0.001,0.21621573,0.7927923,1.8018253
10,640000,80,222.22222222222666,-3.391183777705423,0.001,0.21621573,0.7927923,1.8018253
1,680000,85,249.2492492492539,11.498408667733845,0.001,0.18785402,0.82983065,1.8475426
2,680000,85,202.05479452055272,11.498408667733845,0.001,0.18785402,0.82983065,1.8475426
3,680000,85,303.1358885017466,11.498408667733845,0.001,0.18785402,0.82983065,1.8475426
4,680000,85,336.8055555555605,11.498408667733845,0.001,0.18785402,0.82983065,1.8475426
5,680000,85,147.72727272727158,11.498408667733845,0.001,0.18785402,0.82983065,1.8475426
6,680000,85,215.87301587302034,11.498408667733845,0.001,0.18785402,0.82983065,1.8475426
7,680000,85,288.25622775801196,11.498408667733845,0.001,0.18785402,0.82983065,1.8475426
8,680000,85,217.39130434783038,11.498408667733845,0.001,0.18785402,0.82983065,1.8475426
9,680000,85,329.7101449275404,11.498408667733845,0.001,0.18785402,0.82983065,1.8475426
10,680000,85,68.13333333333469,11.498408667733845,0.001,0.18785402,0.82983065,1.8475426
1,720000,90,144.28157894737237,25.590313155165397,0.001,0.16055238,0.86943537,1.899453
2,720000,90,233.81294964029246,25.590313155165397,0.001,0.16055238,0.86943537,1.899453
3,720000,90,244.68085106383455,25.590313155165397,0.001,0.16055238,0.86943537,1.899453
4,720000,90,256.49350649351095,25.590313155165397,0.001,0.16055238,0.86943537,1.899453
5,720000,90,311.1888111888153,25.590313155165397,0.001,0.16055238,0.86943537,1.899453
6,720000,90,268.0722891566305,25.590313155165397,0.001,0.16055238,0.86943537,1.899453
7,720000,90,56.0122923588045,25.590313155165397,0.001,0.16055238,0.86943537,1.899453
8,720000,90,39.98963210702317,25.590313155165397,0.001,0.16055238,0.86943537,1.899453
9,720000,90,98.28067729083952,25.590313155165397,0.001,0.16055238,0.86943537,1.899453
10,720000,90,31.74003115264778,25.590313155165397,0.001,0.16055238,0.86943537,1.899453
1,760000,95,335.5481727574803,42.604984389782224,0.001,0.123610266,0.9141902,1.9520233
2,760000,95,168.12172523961928,42.604984389782224,0.001,0.123610266,0.9141902,1.9520233
3,760000,95,187.09677419354927,42.604984389782224,0.001,0.123610266,0.9141902,1.9520233
4,760000,95,321.7993079584816,42.604984389782224,0.001,0.123610266,0.9141902,1.9520233
5,760000,95,252.3659305993737,42.604984389782224,0.001,0.123610266,0.9141902,1.9520233
6,760000,95,170.13888888889363,42.604984389782224,0.001,0.123610266,0.9141902,1.9520233
7,760000,95,322.1476510067156,42.604984389782224,0.001,0.123610266,0.9141902,1.9520233
8,760000,95,177.96610169491692,42.604984389782224,0.001,0.123610266,0.9141902,1.9520233
9,760000,95,396.07843137254946,42.604984389782224,0.001,0.123610266,0.9141902,1.9520233
10,760000,95,347.26688102894303,42.604984389782224,0.001,0.123610266,0.9141902,1.9520233
1,800000,100,272.72727272727735,53.88506006749442,0.001,0.09388877,0.9612581,2.0164404
2,800000,100,390.07092198581404,53.88506006749442,0.001,0.09388877,0.9612581,2.0164404
3,800000,100,305.3691275167828,53.88506006749442,0.001,0.09388877,0.9612581,2.0164404
4,800000,100,242.71844660194614,53.88506006749442,0.001,0.09388877,0.9612581,2.0164404
5,800000,100,36.863636363635244,53.88506006749442,0.001,0.09388877,0.9612581,2.0164404
6,800000,100,48.308940397350725,53.88506006749442,0.001,0.09388877,0.9612581,2.0164404
7,800000,100,199.39577039275378,53.88506006749442,0.001,0.09388877,0.9612581,2.0164404
8,800000,100,258.27814569536883,53.88506006749442,0.001,0.09388877,0.9612581,2.0164404
9,800000,100,38.525949367087556,53.88506006749442,0.001,0.09388877,0.9612581,2.0164404
10,800000,100,44.56123778501603,53.88506006749442,0.001,0.09388877,0.9612581,2.0164404
1,840000,105,303.33333333333815,69.02382181047678,0.001,0.060221646,1.0158414,2.091943
2,840000,105,183.67346938775552,69.02382181047678,0.001,0.060221646,1.0158414,2.091943
3,840000,105,234.44964028777355,69.02382181047678,0.001,0.060221646,1.0158414,2.091943
4,840000,105,158.9403973509922,69.02382181047678,0.001,0.060221646,1.0158414,2.091943
5,840000,105,344.7098976109264,69.02382181047678,0.001,0.060221646,1.0158414,2.091943
6,840000,105,56.036986301372494,69.02382181047678,0.001,0.060221646,1.0158414,2.091943
7,840000,105,293.9189189189237,69.02382181047678,0.001,0.060221646,1.0158414,2.091943
8,840000,105,239.7476340694053,69.02382181047678,0.001,0.060221646,1.0158414,2.091943
9,840000,105,210.35598705502093,69.02382181047678,0.001,0.060221646,1.0158414,2.091943
10,840000,105,158.18665689149898,69.02382181047678,0.001,0.060221646,1.0158414,2.091943
1,880000,110,245.09803921569093,72.23890243869045,0.001,0.038221855,1.0684153,2.175094
2,880000,110,335.71428571429084,72.23890243869045,0.001,0.038221855,1.0684153,2.175094
3,880000,110,56.033898305086595,72.23890243869045,0.001,0.038221855,1.0684153,2.175094
4,880000,110,214.52145214521892,72.23890243869045,0.001,0.038221855,1.0684153,2.175094
5,880000,110,249.29034749035134,72.23890243869045,0.001,0.038221855,1.0684153,2.175094
6,880000,110,299.36305732484493,72.23890243869045,0.001,0.038221855,1.0684153,2.175094
7,880000,110,262.94820717131915,72.23890243869045,0.001,0.038221855,1.0684153,2.175094
8,880000,110,246.75324675325098,72.23890243869045,0.001,0.038221855,1.0684153,2.175094
9,880000,110,365.85365853658885,72.23890243869045,0.001,0.038221855,1.0684153,2.175094
10,880000,110,372.2627737226317,72.23890243869045,0.001,0.038221855,1.0684153,2.175094
1,920000,115,329.89690721649896,86.68335957275738,0.001,0.009063509,1.1392684,2.2876444
2,920000,115,300.9708737864122,86.68335957275738,0.001,0.009063509,1.1392684,2.2876444
3,920000,115,221.45328719723233,86.68335957275738,0.001,0.009063509,1.1392684,2.2876444
4,920000,115,364.3122676579968,86.68335957275738,0.001,0.009063509,1.1392684,2.2876444
5,920000,115,336.6336633663409,86.68335957275738,0.001,0.009063509,1.1392684,2.2876444
6,920000,115,201.43884892086442,86.68335957275738,0.001,0.009063509,1.1392684,2.2876444
7,920000,115,188.08777429467094,86.68335957275738,0.001,0.009063509,1.1392684,2.2876444
8,920000,115,238.24451410658713,86.68335957275738,0.001,0.009063509,1.1392684,2.2876444
9,920000,115,337.62057877813925,86.68335957275738,0.001,0.009063509,1.1392684,2.2876444
10,920000,115,121.91719576719827,86.68335957275738,0.001,0.009063509,1.1392684,2.2876444
1,960000,120,372.48322147651083,104.6662889972131,0.001,-0.023941493,1.1947405,2.3655865
2,960000,120,279.8634812286735,104.6662889972131,0.001,-0.023941493,1.1947405,2.3655865
3,960000,120,287.16216216216685,104.6662889972131,0.001,-0.023941493,1.1947405,2.3655865
4,960000,120,361.702127659577,104.6662889972131,0.001,-0.023941493,1.1947405,2.3655865
5,960000,120,381.2949640287781,104.6662889972131,0.001,-0.023941493,1.1947405,2.3655865
6,960000,120,167.25978647686907,104.6662889972131,0.001,-0.023941493,1.1947405,2.3655865
7,960000,120,191.36428571429028,104.6662889972131,0.001,-0.023941493,1.1947405,2.3655865
8,960000,120,279.4117647058862,104.6662889972131,0.001,-0.023941493,1.1947405,2.3655865
9,960000,120,339.3501805054195,104.6662889972131,0.001,-0.023941493,1.1947405,2.3655865
10,960000,120,329.8611111111162,104.6662889972131,0.001,-0.023941493,1.1947405,2.3655865
1,1000000,125,355.1401869158924,121.35630083668764,0.001,-0.057485733,1.2465576,2.4356792
2,1000000,125,436.56716417909985,121.35630083668764,0.001,-0.057485733,1.2465576,2.4356792
3,1000000,125,212.82798833819646,121.35630083668764,0.001,-0.057485733,1.2465576,2.4356792
4,1000000,125,288.537549407119,121.35630083668764,0.001,-0.057485733,1.2465576,2.4356792
5,1000000,125,108.19672131147577,121.35630083668764,0.001,-0.057485733,1.2465576,2.4356792
6,1000000,125,339.68253968254356,121.35630083668764,0.001,-0.057485733,1.2465576,2.4356792
7,1000000,125,167.42323232323477,121.35630083668764,0.001,-0.057485733,1.2465576,2.4356792
8,1000000,125,293.5153583617795,121.35630083668764,0.001,-0.057485733,1.2465576,2.4356792
9,1000000,125,323.94366197183575,121.35630083668764,0.001,-0.057485733,1.2465576,2.4356792
10,1000000,125,327.33812949640753,121.35630083668764,0.001,-0.057485733,1.2465576,2.4356792
1,1040000,130,192.79967320261898,128.51493667622333,0.001,-0.08287329,1.2939113,2.5050018
2,1040000,130,335.82089552239216,128.51493667622333,0.001,-0.08287329,1.2939113,2.5050018
3,1040000,130,258.2781456953684,128.51493667622333,0.001,-0.08287329,1.2939113,2.5050018
4,1040000,130,421.7687074829913,128.51493667622333,0.001,-0.08287329,1.2939113,2.5050018
5,1040000,130,257.053291536055,128.51493667622333,0.001,-0.08287329,1.2939113,2.5050018
6,1040000,130,332.1678321678365,128.51493667622333,0.001,-0.08287329,1.2939113,2.5050018
7,1040000,130,261.90476190476585,128.51493667622333,0.001,-0.08287329,1.2939113,2.5050018
8,1040000,130,490.1960784313719,128.51493667622333,0.001,-0.08287329,1.2939113,2.5050018
9,1040000,130,343.5374149659906,128.51493667622333,0.001,-0.08287329,1.2939113,2.5050018
10,1040000,130,181.8181818181812,128.51493667622333,0.001,-0.08287329,1.2939113,2.5050018
1,1080000,135,209.46907216495205,138.93494568453838,0.001,-0.1104036,1.3479117,2.5854747
2,1080000,135,288.4615384615429,138.93494568453838,0.001,-0.1104036,1.3479117,2.5854747
3,1080000,135,35.30706713780834,138.93494568453838,0.001,-0.1104036,1.3479117,2.5854747
4,1080000,135,192.4528301886793,138.93494568453838,0.001,-0.1104036,1.3479117,2.5854747
5,1080000,135,247.4916387959915,138.93494568453838,0.001,-0.1104036,1.3479117,2.5854747
6,1080000,135,227.42474916388448,138.93494568453838,0.001,-0.1104036,1.3479117,2.5854747
7,1080000,135,371.9298245614058,138.93494568453838,0.001,-0.1104036,1.3479117,2.5854747
8,1080000,135,20.36721311475346,138.93494568453838,0.001,-0.1104036,1.3479117,2.5854747
9,1080000,135,310.95406360424477,138.93494568453838,0.001,-0.1104036,1.3479117,2.5854747
10,1080000,135,439.11439114390896,138.93494568453838,0.001,-0.1104036,1.3479117,2.5854747
1,1120000,140,401.92926045015594,151.8933468983655,0.001,-0.14141504,1.4047334,2.6681097
2,1120000,140,346.1538461538505,151.8933468983655,0.001,-0.14141504,1.4047334,2.6681097
3,1120000,140,256.3477491961382,151.8933468983655,0.001,-0.14141504,1.4047334,2.6681097
4,1120000,140,209.52258064516482,151.8933468983655,0.001,-0.14141504,1.4047334,2.6681097
5,1120000,140,217.2523961661391,151.8933468983655,0.001,-0.14141504,1.4047334,2.6681097
6,1120000,140,389.2617449664442,151.8933468983655,0.001,-0.14141504,1.4047334,2.6681097
7,1120000,140,401.2944983818765,151.8933468983655,0.001,-0.14141504,1.4047334,2.6681097
8,1120000,140,199.261992619927,151.8933468983655,0.001,-0.14141504,1.4047334,2.6681097
9,1120000,140,423.0769230769228,151.8933468983655,0.001,-0.14141504,1.4047334,2.6681097
10,1120000,140,185.62326007326305,151.8933468983655,0.001,-0.14141504,1.4047334,2.6681097
1,1160000,145,375.41528239202995,148.9777572397417,0.001,-0.1601527,1.4777385,2.795385
2,1160000,145,218.73053691275567,148.9777572397417,0.001,-0.1601527,1.4777385,2.795385
3,1160000,145,112.30923566879245,148.9777572397417,0.001,-0.1601527,1.4777385,2.795385
4,1160000,145,56.02456140350827,148.9777572397417,0.001,-0.1601527,1.4777385,2.795385
5,1160000,145,248.22695035461152,148.9777572397417,0.001,-0.1601527,1.4777385,2.795385
6,1160000,145,159.4684385382065,148.9777572397417,0.001,-0.1601527,1.4777385,2.795385
7,1160000,145,158.08823529411686,148.9777572397417,0.001,-0.1601527,1.4777385,2.795385
8,1160000,145,255.45946843853756,148.9777572397417,0.001,-0.1601527,1.4777385,2.795385
9,1160000,145,312.5000000000043,148.9777572397417,0.001,-0.1601527,1.4777385,2.795385
10,1160000,145,315.4574132492162,148.9777572397417,0.001,-0.1601527,1.4777385,2.795385
1,1200000,150,373.8317757009378,153.70297798247498,0.001,-0.18012321,1.5462099,2.9123595
2,1200000,150,483.9857651245505,153.70297798247498,0.001,-0.18012321,1.5462099,2.9123595
3,1200000,150,146.61654135338216,153.70297798247498,0.001,-0.18012321,1.5462099,2.9123595
4,1200000,150,236.84210526316244,153.70297798247498,0.001,-0.18012321,1.5462099,2.9123595
5,1200000,150,359.5890410958935,153.70297798247498,0.001,-0.18012321,1.5462099,2.9123595
6,1200000,150,339.74358974359245,153.70297798247498,0.001,-0.18012321,1.5462099,2.9123595
7,1200000,150,312.08053691275586,153.70297798247498,0.001,-0.18012321,1.5462099,2.9123595
8,1200000,150,163.17991631799356,153.70297798247498,0.001,-0.18012321,1.5462099,2.9123595
9,1200000,150,140.3508771929812,153.70297798247498,0.001,-0.18012321,1.5462099,2.9123595
10,1200000,150,239.7260273972646,153.70297798247498,0.001,-0.18012321,1.5462099,2.9123595
1,1240000,155,287.27272727272907,155.34134034458614,0.001,-0.1996081,1.6152097,3.0308769
2,1240000,155,435.2159468438487,155.34134034458614,0.001,-0.1996081,1.6152097,3.0308769
3,1240000,155,386.36363636363296,155.34134034458614,0.001,-0.1996081,1.6152097,3.0308769
4,1240000,155,258.064516129037,155.34134034458614,0.001,-0.1996081,1.6152097,3.0308769
5,1240000,155,362.27544910179813,155.34134034458614,0.001,-0.1996081,1.6152097,3.0308769
6,1240000,155,302.85714285714766,155.34134034458614,0.001,-0.1996081,1.6152097,3.0308769
7,1240000,155,379.9999999999943,155.34134034458614,0.001,-0.1996081,1.6152097,3.0308769
8,1240000,155,447.3684210526299,155.34134034458614,0.001,-0.1996081,1.6152097,3.0308769
9,1240000,155,296.23333333333,155.34134034458614,0.001,-0.1996081,1.6152097,3.0308769
10,1240000,155,242.03821656051414,155.34134034458614,0.001,-0.1996081,1.6152097,3.0308769
1,1280000,160,56.016541353384724,170.37970749487044,0.001,-0.22413628,1.6847327,3.1453972
2,1280000,160,252.49169435216018,170.37970749487044,0.001,-0.22413628,1.6847327,3.1453972
3,1280000,160,146.6727414330244,170.37970749487044,0.001,-0.22413628,1.6847327,3.1453972
4,1280000,160,152.1413489736098,170.37970749487044,0.001,-0.22413628,1.6847327,3.1453972
5,1280000,160,246.83544303797967,170.37970749487044,0.001,-0.22413628,1.6847327,3.1453972
6,1280000,160,192.59259259259403,170.37970749487044,0.001,-0.22413628,1.6847327,3.1453972
7,1280000,160,275.6832214765031,170.37970749487044,0.001,-0.22413628,1.6847327,3.1453972
8,1280000,160,299.27007299270247,170.37970749487044,0.001,-0.22413628,1.6847327,3.1453972
9,1280000,160,467.35395189003367,170.37970749487044,0.001,-0.22413628,1.6847327,3.1453972
10,1280000,160,300.0000000000048,170.37970749487044,0.001,-0.22413628,1.6847327,3.1453972
1,1320000,165,363.9846743295045,169.30527544979114,0.001,-0.23978241,1.7617862,3.2838604
2,1320000,165,316.293929712465,169.30527544979114,0.001,-0.23978241,1.7617862,3.2838604
3,1320000,165,275.2613240418128,169.30527544979114,0.001,-0.23978241,1.7617862,3.2838604
4,1320000,165,260.606060606065,169.30527544979114,0.001,-0.23978241,1.7617862,3.2838604
5,1320000,165,53.49007092198568,169.30527544979114,0.001,-0.23978241,1.7617862,3.2838604
6,1320000,165,316.32653061224914,169.30527544979114,0.001,-0.23978241,1.7617862,3.2838604
7,1320000,165,366.02877697840944,169.30527544979114,0.001,-0.23978241,1.7617862,3.2838604
8,1320000,165,251.1225352112688,169.30527544979114,0.001,-0.23978241,1.7617862,3.2838604
9,1320000,165,171.0096774193572,169.30527544979114,0.001,-0.23978241,1.7617862,3.2838604
10,1320000,165,240.54982817869856,169.30527544979114,0.001,-0.23978241,1.7617862,3.2838604
1,1360000,170,300.3802281368851,174.21447164158636,0.001,-0.25615886,1.8403028,3.4245195
2,1360000,170,455.128205128202,174.21447164158636,0.001,-0.25615886,1.8403028,3.4245195
3,1360000,170,348.38709677419763,174.21447164158636,0.001,-0.25615886,1.8403028,3.4245195
4,1360000,170,363.01369863013514,174.21447164158636,0.001,-0.25615886,1.8403028,3.4245195
5,1360000,170,173.43173431734493,174.21447164158636,0.001,-0.25615886,1.8403028,3.4245195
6,1360000,170,181.81818181818184,174.21447164158636,0.001,-0.25615886,1.8403028,3.4245195
7,1360000,170,272.17125382263305,174.21447164158636,0.001,-0.25615886,1.8403028,3.4245195
8,1360000,170,386.1386138613851,174.21447164158636,0.001,-0.25615886,1.8403028,3.4245195
9,1360000,170,279.8634812286738,174.21447164158636,0.001,-0.25615886,1.8403028,3.4245195
10,1360000,170,56.04397163120679,174.21447164158636,0.001,-0.25615886,1.8403028,3.4245195
1,1400000,175,264.2333333333345,174.1238654461944,0.001,-0.27059308,1.9034905,3.5364637
2,1400000,175,56.07561837455887,174.1238654461944,0.001,-0.27059308,1.9034905,3.5364637
3,1400000,175,391.4473684210514,174.1238654461944,0.001,-0.27059308,1.9034905,3.5364637
4,1400000,175,443.72990353697554,174.1238654461944,0.001,-0.27059308,1.9034905,3.5364637
5,1400000,175,433.6569579287955,174.1238654461944,0.001,-0.27059308,1.9034905,3.5364637
6,1400000,175,354.2831325301163,174.1238654461944,0.001,-0.27059308,1.9034905,3.5364637
7,1400000,175,325.1166666666651,174.1238654461944,0.001,-0.27059308,1.9034905,3.5364637
8,1400000,175,177.0186335403745,174.1238654461944,0.001,-0.27059308,1.9034905,3.5364637
9,1400000,175,178.69415807560318,174.1238654461944,0.001,-0.27059308,1.9034905,3.5364637
10,1400000,175,400.72202166064767,174.1238654461944,0.001,-0.27059308,1.9034905,3.5364637
1,1440000,180,292.6333333333268,177.35558494091555,0.001,-0.28280753,1.9616458,3.6405618
2,1440000,180,56.08235294117661,177.35558494091555,0.001,-0.28280753,1.9616458,3.6405618
3,1440000,180,337.8378378378427,177.35558494091555,0.001,-0.28280753,1.9616458,3.6405618
4,1440000,180,454.5454545454508,177.35558494091555,0.001,-0.28280753,1.9616458,3.6405618
5,1440000,180,360.7594936708912,177.35558494091555,0.001,-0.28280753,1.9616458,3.6405618
6,1440000,180,263.15789473684356,177.35558494091555,0.001,-0.28280753,1.9616458,3.6405618
7,1440000,180,331.1475409836114,177.35558494091555,0.001,-0.28280753,1.9616458,3.6405618
8,1440000,180,235.29411764706316,177.35558494091555,0.001,-0.28280753,1.9616458,3.6405618
9,1440000,180,222.22222222222572,177.35558494091555,0.001,-0.28280753,1.9616458,3.6405618
10,1440000,180,405.31561461794166,177.35558494091555,0.001,-0.28280753,1.9616458,3.6405618
1,1480000,185,249.05714285714686,179.84195138810446,0.001,-0.2935513,2.009078,3.7246847
2,1480000,185,233.00970873786488,179.84195138810446,0.001,-0.2935513,2.009078,3.7246847
3,1480000,185,303.3033033033083,179.84195138810446,0.001,-0.2935513,2.009078,3.7246847
4,1480000,185,416.6666666666657,179.84195138810446,0.001,-0.2935513,2.009078,3.7246847
5,1480000,185,229.46923076923534,179.84195138810446,0.001,-0.2935513,2.009078,3.7246847
6,1480000,185,317.880794701991,179.84195138810446,0.001,-0.2935513,2.009078,3.7246847
7,1480000,185,534.412955465577,179.84195138810446,0.001,-0.2935513,2.009078,3.7246847
8,1480000,185,325.1748251748296,179.84195138810446,0.001,-0.2935513,2.009078,3.7246847
9,1480000,185,400.3377926421379,179.84195138810446,0.001,-0.2935513,2.009078,3.7246847
10,1480000,185,505.1546391752529,179.84195138810446,0.001,-0.2935513,2.009078,3.7246847
1,1520000,190,392.6174496644308,169.56161226045353,0.001,-0.29690355,2.0673742,3.8379273
2,1520000,190,198.01980198019794,169.56161226045353,0.001,-0.29690355,2.0673742,3.8379273
3,1520000,190,201.25786163522093,169.56161226045353,0.001,-0.29690355,2.0673742,3.8379273
4,1520000,190,354.8387096774235,169.56161226045353,0.001,-0.29690355,2.0673742,3.8379273
5,1520000,190,332.258064516133,169.56161226045353,0.001,-0.29690355,2.0673742,3.8379273
6,1520000,190,276.8729641693859,169.56161226045353,0.001,-0.29690355,2.0673742,3.8379273
7,1520000,190,355.9322033898301,169.56161226045353,0.001,-0.29690355,2.0673742,3.8379273
8,1520000,190,412.3076923076922,169.56161226045353,0.001,-0.29690355,2.0673742,3.8379273
9,1520000,190,386.8852459016349,169.56161226045353,0.001,-0.29690355,2.0673742,3.8379273
10,1520000,190,370.7482993197299,169.56161226045353,0.001,-0.29690355,2.0673742,3.8379273
1,1560000,195,159.7206997084575,164.9201354984813,0.001,-0.30065668,2.1162186,3.9318645
2,1560000,195,403.04182509505654,164.9201354984813,0.001,-0.30065668,2.1162186,3.9318645
3,1560000,195,404.3209876543201,164.9201354984813,0.001,-0.30065668,2.1162186,3.9318645
4,1560000,195,345.0479233226887,164.9201354984813,0.001,-0.30065668,2.1162186,3.9318645
5,1560000,195,158.8447653429606,164.9201354984813,0.001,-0.30065668,2.1162186,3.9318645
6,1560000,195,351.61290322581044,164.9201354984813,0.001,-0.30065668,2.1162186,3.9318645
7,1560000,195,292.6829268292728,164.9201354984813,0.001,-0.30065668,2.1162186,3.9318645
8,1560000,195,312.72727272727707,164.9201354984813,0.001,-0.30065668,2.1162186,3.9318645
9,1560000,195,281.58844765343406,164.9201354984813,0.001,-0.30065668,2.1162186,3.9318645
10,1560000,195,224.04230769231108,164.9201354984813,0.001,-0.30065668,2.1162186,3.9318645
1,1600000,200,195.48872180451286,171.66991105602239,0.001,-0.30928928,2.167495,4.0257874
2,1600000,200,331.0810810810857,171.66991105602239,0.001,-0.30928928,2.167495,4.0257874
3,1600000,200,265.31610738255085,171.66991105602239,0.001,-0.30928928,2.167495,4.0257874
4,1600000,200,325.1533742331327,171.66991105602239,0.001,-0.30928928,2.167495,4.0257874
5,1600000,200,383.7638376383754,171.66991105602239,0.001,-0.30928928,2.167495,4.0257874
6,1600000,200,185.05757575757966,171.66991105602239,0.001,-0.30928928,2.167495,4.0257874
7,1600000,200,313.66459627329647,171.66991105602239,0.001,-0.30928928,2.167495,4.0257874
8,1600000,200,421.5686274509802,171.66991105602239,0.001,-0.30928928,2.167495,4.0257874
9,1600000,200,182.854761904765,171.66991105602239,0.001,-0.30928928,2.167495,4.0257874
10,1600000,200,362.98932384342027,171.66991105602239,0.001,-0.30928928,2.167495,4.0257874
1,1640000,205,425.67567567567255,181.12116631359666,0.001,-0.31812745,2.2081118,4.0981846
2,1640000,205,416.0583941605835,181.12116631359666,0.001,-0.31812745,2.2081118,4.0981846
3,1640000,205,394.32176656151626,181.12116631359666,0.001,-0.31812745,2.2081118,4.0981846
4,1640000,205,281.35593220339433,181.12116631359666,0.001,-0.31812745,2.2081118,4.0981846
5,1640000,205,494.88054607507866,181.12116631359666,0.001,-0.31812745,2.2081118,4.0981846
6,1640000,205,351.72413793103857,181.12116631359666,0.001,-0.31812745,2.2081118,4.0981846
7,1640000,205,221.84300341296984,181.12116631359666,0.001,-0.31812745,2.2081118,4.0981846
8,1640000,205,297.3977695167315,181.12116631359666,0.001,-0.31812745,2.2081118,4.0981846
9,1640000,205,188.67924528302132,181.12116631359666,0.001,-0.31812745,2.2081118,4.0981846
10,1640000,205,397.00374531834956,181.12116631359666,0.001,-0.31812745,2.2081118,4.0981846
1,1680000,210,408.9552238805964,178.89585078249482,0.001,-0.3229508,2.2508337,4.178807
2,1680000,210,535.7142857142809,178.89585078249482,0.001,-0.3229508,2.2508337,4.178807
3,1680000,210,378.006872852233,178.89585078249482,0.001,-0.3229508,2.2508337,4.178807
4,1680000,210,389.438943894386,178.89585078249482,0.001,-0.3229508,2.2508337,4.178807
5,1680000,210,180.64516129032512,178.89585078249482,0.001,-0.3229508,2.2508337,4.178807
6,1680000,210,358.80398671096856,178.89585078249482,0.001,-0.3229508,2.2508337,4.178807
7,1680000,210,192.42902208201986,178.89585078249482,0.001,-0.3229508,2.2508337,4.178807
8,1680000,210,289.3890675241199,178.89585078249482,0.001,-0.3229508,2.2508337,4.178807
9,1680000,210,387.4172185430481,178.89585078249482,0.001,-0.3229508,2.2508337,4.178807
10,1680000,210,313.9158576051825,178.89585078249482,0.001,-0.3229508,2.2508337,4.178807
1,1720000,215,448.9051094890483,182.81380023183078,0.001,-0.3283771,2.2982872,4.2682886
2,1720000,215,258.50340136054604,182.81380023183078,0.001,-0.3283771,2.2982872,4.2682886
3,1720000,215,447.47081712062135,182.81380023183078,0.001,-0.3283771,2.2982872,4.2682886
4,1720000,215,400.7352941176474,182.81380023183078,0.001,-0.3283771,2.2982872,4.2682886
5,1720000,215,376.3440860215051,182.81380023183078,0.001,-0.3283771,2.2982872,4.2682886
6,1720000,215,319.1173992673933,182.81380023183078,0.001,-0.3283771,2.2982872,4.2682886
7,1720000,215,332.24755700326216,182.81380023183078,0.001,-0.3283771,2.2982872,4.2682886
8,1720000,215,366.8831168831199,182.81380023183078,0.001,-0.3283771,2.2982872,4.2682886
9,1720000,215,391.45907473309455,182.81380023183078,0.001,-0.3283771,2.2982872,4.2682886
10,1720000,215,378.67647058823997,182.81380023183078,0.001,-0.3283771,2.2982872,4.2682886
1,1760000,220,356.66666666666987,188.383641411748,0.001,-0.33380932,2.3418202,4.3499246
2,1760000,220,251.36129032258273,188.383641411748,0.001,-0.33380932,2.3418202,4.3499246
3,1760000,220,450.79365079364624,188.383641411748,0.001,-0.33380932,2.3418202,4.3499246
4,1760000,220,301.82926829268786,188.383641411748,0.001,-0.33380932,2.3418202,4.3499246
5,1760000,220,287.9256965944319,188.383641411748,0.001,-0.33380932,2.3418202,4.3499246
6,1760000,220,455.93869731800123,188.383641411748,0.001,-0.33380932,2.3418202,4.3499246
7,1760000,220,350.340136054426,188.383641411748,0.001,-0.33380932,2.3418202,4.3499246
8,1760000,220,278.10650887574457,188.383641411748,0.001,-0.33380932,2.3418202,4.3499246
9,1760000,220,397.2602739726005,188.383641411748,0.001,-0.33380932,2.3418202,4.3499246
10,1760000,220,485.0746268656657,188.383641411748,0.001,-0.33380932,2.3418202,4.3499246
1,1800000,225,262.77372262774225,191.60144840745357,0.001,-0.33994153,2.3890316,4.4382167
2,1800000,225,215.55926517572337,191.60144840745357,0.001,-0.33994153,2.3890316,4.4382167
3,1800000,225,324.75884244373424,191.60144840745357,0.001,-0.33994153,2.3890316,4.4382167
4,1800000,225,404.49438202247035,191.60144840745357,0.001,-0.33994153,2.3890316,4.4382167
5,1800000,225,302.7618556700998,191.60144840745357,0.001,-0.33994153,2.3890316,4.4382167
6,1800000,225,387.6221498371329,191.60144840745357,0.001,-0.33994153,2.3890316,4.4382167
7,1800000,225,257.4179856115117,191.60144840745357,0.001,-0.33994153,2.3890316,4.4382167
8,1800000,225,230.46875000000298,191.60144840745357,0.001,-0.33994153,2.3890316,4.4382167
9,1800000,225,347.1698113207598,191.60144840745357,0.001,-0.33994153,2.3890316,4.4382167
10,1800000,225,414.71571906354353,191.60144840745357,0.001,-0.33994153,2.3890316,4.4382167
1,1840000,230,346.4052287581748,192.76174716665065,0.001,-0.34331194,2.4358888,4.5285625
2,1840000,230,435.2517985611467,192.76174716665065,0.001,-0.34331194,2.4358888,4.5285625
3,1840000,230,389.96138996138956,192.76174716665065,0.001,-0.34331194,2.4358888,4.5285625
4,1840000,230,204.63320463320753,192.76174716665065,0.001,-0.34331194,2.4358888,4.5285625
5,1840000,230,399.3174061433451,192.76174716665065,0.001,-0.34331194,2.4358888,4.5285625
6,1840000,230,322.2591362126275,192.76174716665065,0.001,-0.34331194,2.4358888,4.5285625
7,1840000,230,162.07951070336566,192.76174716665065,0.001,-0.34331194,2.4358888,4.5285625
8,1840000,230,189.71061093247823,192.76174716665065,0.001,-0.34331194,2.4358888,4.5285625
9,1840000,230,305.6603773584933,192.76174716665065,0.001,-0.34331194,2.4358888,4.5285625
10,1840000,230,451.38888888888476,192.76174716665065,0.001,-0.34331194,2.4358888,4.5285625
1,1880000,235,382.5757575757586,193.47879375541422,0.001,-0.34685493,2.4873223,4.6278877
2,1880000,235,175.67185430463823,193.47879375541422,0.001,-0.34685493,2.4873223,4.6278877
3,1880000,235,276.073619631906,193.47879375541422,0.001,-0.34685493,2.4873223,4.6278877
4,1880000,235,229.06849315068825,193.47879375541422,0.001,-0.34685493,2.4873223,4.6278877
5,1880000,235,330.82706766917795,193.47879375541422,0.001,-0.34685493,2.4873223,4.6278877
6,1880000,235,325.58139534884094,193.47879375541422,0.001,-0.34685493,2.4873223,4.6278877
7,1880000,235,335.4231974921679,193.47879375541422,0.001,-0.34685493,2.4873223,4.6278877
8,1880000,235,348.38709677419763,193.47879375541422,0.001,-0.34685493,2.4873223,4.6278877
9,1880000,235,272.79966887417174,193.47879375541422,0.001,-0.34685493,2.4873223,4.6278877
10,1880000,235,323.2323232323282,193.47879375541422,0.001,-0.34685493,2.4873223,4.6278877
1,1920000,240,384.0830449826983,185.09418048516073,0.001,-0.34654242,2.5332837,4.7201247
2,1920000,240,202.39801444043565,185.09418048516073,0.001,-0.34654242,2.5332837,4.7201247
3,1920000,240,50.790476190475985,185.09418048516073,0.001,-0.34654242,2.5332837,4.7201247
4,1920000,240,282.05128205128347,185.09418048516073,0.001,-0.34654242,2.5332837,4.7201247
5,1920000,240,260.9018867924524,185.09418048516073,0.001,-0.34654242,2.5332837,4.7201247
6,1920000,240,76.75000000000087,185.09418048516073,0.001,-0.34654242,2.5332837,4.7201247
7,1920000,240,265.68265682657284,185.09418048516073,0.001,-0.34654242,2.5332837,4.7201247
8,1920000,240,176.82963525836192,185.09418048516073,0.001,-0.34654242,2.5332837,4.7201247
9,1920000,240,55.595575221238875,185.09418048516073,0.001,-0.34654242,2.5332837,4.7201247
10,1920000,240,56.05635738831678,185.09418048516073,0.001,-0.34654242,2.5332837,4.7201247
1,1960000,245,273.5379790940746,179.2778516213144,0.001,-0.34635606,2.5868454,4.827436
2,1960000,245,149.01050955414283,179.2778516213144,0.001,-0.34635606,2.5868454,4.827436
3,1960000,245,503.4482758620621,179.2778516213144,0.001,-0.34635606,2.5868454,4.827436
4,1960000,245,443.2234432234445,179.2778516213144,0.001,-0.34635606,2.5868454,4.827436
5,1960000,245,380.3278688524618,179.2778516213144,0.001,-0.34635606,2.5868454,4.827436
6,1960000,245,186.3117870722462,179.2778516213144,0.001,-0.34635606,2.5868454,4.827436
7,1960000,245,370.0305810397591,179.2778516213144,0.001,-0.34635606,2.5868454,4.827436
8,1960000,245,501.8450184501794,179.2778516213144,0.001,-0.34635606,2.5868454,4.827436
9,1960000,245,227.40524781341563,179.2778516213144,0.001,-0.34635606,2.5868454,4.827436
10,1960000,245,375.00000000000273,179.2778516213144,0.001,-0.34635606,2.5868454,4.827436
1,2000000,250,419.70802919707796,179.59327443315973,0.001,-0.34629625,2.642961,4.9397287
2,2000000,250,388.1118881118897,179.59327443315973,0.001,-0.34629625,2.642961,4.9397287
3,2000000,250,272.7272727272747,179.59327443315973,0.001,-0.34629625,2.642961,4.9397287
4,2000000,250,56.0576791808889,179.59327443315973,0.001,-0.34629625,2.642961,4.9397287
5,2000000,250,368.0297397769533,179.59327443315973,0.001,-0.34629625,2.642961,4.9397287
6,2000000,250,473.3096085409197,179.59327443315973,0.001,-0.34629625,2.642961,4.9397287
7,2000000,250,203.0075187969956,179.59327443315973,0.001,-0.34629625,2.642961,4.9397287
8,2000000,250,246.4883392226179,179.59327443315973,0.001,-0.34629625,2.642961,4.9397287
9,2000000,250,280.1531645569615,179.59327443315973,0.001,-0.34629625,2.642961,4.9397287
10,2000000,250,266.2337662337711,179.59327443315973,0.001,-0.34629625,2.642961,4.9397287
1,2040000,255,176.6381766381797,179.54093880199395,0.001,-0.34700584,2.6885915,5.0302815
2,2040000,255,409.67741935483735,179.54093880199395,0.001,-0.34700584,2.6885915,5.0302815
3,2040000,255,149.2740121580581,179.54093880199395,0.001,-0.34700584,2.6885915,5.0302815
4,2040000,255,378.5714285714319,179.54093880199395,0.001,-0.34700584,2.6885915,5.0302815
5,2040000,255,354.38596491228463,179.54093880199395,0.001,-0.34700584,2.6885915,5.0302815
6,2040000,255,321.67832167832614,179.54093880199395,0.001,-0.34700584,2.6885915,5.0302815
7,2040000,255,274.30555555556066,179.54093880199395,0.001,-0.34700584,2.6885915,5.0302815
8,2040000,255,336.80555555556066,179.54093880199395,0.001,-0.34700584,2.6885915,5.0302815
9,2040000,255,65.58921568627535,179.54093880199395,0.001,-0.34700584,2.6885915,5.0302815
10,2040000,255,379.31034482758855,179.54093880199395,0.001,-0.34700584,2.6885915,5.0302815
1,2080000,260,309.2783505154681,189.1970936675365,0.001,-0.35095754,2.7320669,5.1132817
2,2080000,260,314.87889273356836,189.1970936675365,0.001,-0.35095754,2.7320669,5.1132817
3,2080000,260,395.18900343642554,189.1970936675365,0.001,-0.35095754,2.7320669,5.1132817
4,2080000,260,337.93103448276077,189.1970936675365,0.001,-0.35095754,2.7320669,5.1132817
5,2080000,260,355.31135531135476,189.1970936675365,0.001,-0.35095754,2.7320669,5.1132817
6,2080000,260,52.03233532934099,189.1970936675365,0.001,-0.35095754,2.7320669,5.1132817
7,2080000,260,195.80836236934073,189.1970936675365,0.001,-0.35095754,2.7320669,5.1132817
8,2080000,260,325.00000000000455,189.1970936675365,0.001,-0.35095754,2.7320669,5.1132817
9,2080000,260,394.636015325671,189.1970936675365,0.001,-0.35095754,2.7320669,5.1132817
10,2080000,260,293.71538461538023,189.1970936675365,0.001,-0.35095754,2.7320669,5.1132817
1,2120000,265,165.2017133956428,178.53673782232724,0.001,-0.3485228,2.7835882,5.21876
2,2120000,265,338.4357142857192,178.53673782232724,0.001,-0.3485228,2.7835882,5.21876
3,2120000,265,422.3826714801431,178.53673782232724,0.001,-0.3485228,2.7835882,5.21876
4,2120000,265,151.23405797101773,178.53673782232724,0.001,-0.3485228,2.7835882,5.21876
5,2120000,265,253.33877551020552,178.53673782232724,0.001,-0.3485228,2.7835882,5.21876
6,2120000,265,287.23404255319423,178.53673782232724,0.001,-0.3485228,2.7835882,5.21876
7,2120000,265,426.5734265734227,178.53673782232724,0.001,-0.3485228,2.7835882,5.21876
8,2120000,265,381.81818181818073,178.53673782232724,0.001,-0.3485228,2.7835882,5.21876
9,2120000,265,198.58426573426834,178.53673782232724,0.001,-0.3485228,2.7835882,5.21876
10,2120000,265,182.45614035087942,178.53673782232724,0.001,-0.3485228,2.7835882,5.21876
1,2160000,270,444.86692015208644,175.51418799737763,0.001,-0.34745592,2.8248792,5.3024096
2,2160000,270,37.37118644067754,175.51418799737763,0.001,-0.34745592,2.8248792,5.3024096
3,2160000,270,189.51524822695353,175.51418799737763,0.001,-0.34745592,2.8248792,5.3024096
4,2160000,270,56.08610038610135,175.51418799737763,0.001,-0.34745592,2.8248792,5.3024096
5,2160000,270,378.78787878787927,175.51418799737763,0.001,-0.34745592,2.8248792,5.3024096
6,2160000,270,182.48175182482066,175.51418799737763,0.001,-0.34745592,2.8248792,5.3024096
7,2160000,270,401.33779264214087,175.51418799737763,0.001,-0.34745592,2.8248792,5.3024096
8,2160000,270,253.4333333333322,175.51418799737763,0.001,-0.34745592,2.8248792,5.3024096
9,2160000,270,305.1948051948101,175.51418799737763,0.001,-0.34745592,2.8248792,5.3024096
10,2160000,270,365.43909348442236,175.51418799737763,0.001,-0.34745592,2.8248792,5.3024096
1,2200000,275,227.75800711744253,174.2305044400345,0.001,-0.34891742,2.8746207,5.400433
2,2200000,275,225.70539568345706,174.2305044400345,0.001,-0.34891742,2.8746207,5.400433
3,2200000,275,312.0567375886576,174.2305044400345,0.001,-0.34891742,2.8746207,5.400433
4,2200000,275,206.89655172414086,174.2305044400345,0.001,-0.34891742,2.8746207,5.400433
5,2200000,275,456.83453237409515,174.2305044400345,0.001,-0.34891742,2.8746207,5.400433
6,2200000,275,466.66666666666134,174.2305044400345,0.001,-0.34891742,2.8746207,5.400433
7,2200000,275,184.61538461538714,174.2305044400345,0.001,-0.34891742,2.8746207,5.400433
8,2200000,275,423.5668789808916,174.2305044400345,0.001,-0.34891742,2.8746207,5.400433
9,2200000,275,364.9122807017569,174.2305044400345,0.001,-0.34891742,2.8746207,5.400433
10,2200000,275,290.4411764705932,174.2305044400345,0.001,-0.34891742,2.8746207,5.400433
1,2240000,280,287.12871287129144,165.30490379229178,0.001,-0.3425907,2.9183059,5.494132
2,2240000,280,433.8983050847403,165.30490379229178,0.001,-0.3425907,2.9183059,5.494132
3,2240000,280,175.6272401433706,165.30490379229178,0.001,-0.3425907,2.9183059,5.494132
4,2240000,280,412.9692832764471,165.30490379229178,0.001,-0.3425907,2.9183059,5.494132
5,2240000,280,54.46770186335398,165.30490379229178,0.001,-0.3425907,2.9183059,5.494132
6,2240000,280,230.59388489209067,165.30490379229178,0.001,-0.3425907,2.9183059,5.494132
7,2240000,280,180.41976744186536,165.30490379229178,0.001,-0.3425907,2.9183059,5.494132
8,2240000,280,339.5061728395112,165.30490379229178,0.001,-0.3425907,2.9183059,5.494132
9,2240000,280,58.65909090909108,165.30490379229178,0.001,-0.3425907,2.9183059,5.494132
10,2240000,280,385.0931677018642,165.30490379229178,0.001,-0.3425907,2.9183059,5.494132
1,2280000,285,56.04832214765101,155.43211253665658,0.001,-0.3368714,2.9664674,5.596176
2,2280000,285,63.1382550335584,155.43211253665658,0.001,-0.3368714,2.9664674,5.596176
3,2280000,285,56.06470588235362,155.43211253665658,0.001,-0.3368714,2.9664674,5.596176
4,2280000,285,85.1481684981691,155.43211253665658,0.001,-0.3368714,2.9664674,5.596176
5,2280000,285,55.119298245613855,155.43211253665658,0.001,-0.3368714,2.9664674,5.596176
6,2280000,285,375.8389261744955,155.43211253665658,0.001,-0.3368714,2.9664674,5.596176
7,2280000,285,394.98432601881103,155.43211253665658,0.001,-0.3368714,2.9664674,5.596176
8,2280000,285,252.3961661341901,155.43211253665658,0.001,-0.3368714,2.9664674,5.596176
9,2280000,285,160.37735849056727,155.43211253665658,0.001,-0.3368714,2.9664674,5.596176
10,2280000,285,330.2180685358303,155.43211253665658,0.001,-0.3368714,2.9664674,5.596176
1,2320000,290,462.406015037587,150.60944339264796,0.001,-0.33132908,2.9986413,5.6660666
2,2320000,290,159.46843853820718,150.60944339264796,0.001,-0.33132908,2.9986413,5.6660666
3,2320000,290,307.94701986755376,150.60944339264796,0.001,-0.33132908,2.9986413,5.6660666
4,2320000,290,197.87985865724477,150.60944339264796,0.001,-0.33132908,2.9986413,5.6660666
5,2320000,290,362.7760252365965,150.60944339264796,0.001,-0.33132908,2.9986413,5.6660666
6,2320000,290,60.813139931741205,150.60944339264796,0.001,-0.33132908,2.9986413,5.6660666
7,2320000,290,48.49934640522845,150.60944339264796,0.001,-0.33132908,2.9986413,5.6660666
8,2320000,290,318.1818181818231,150.60944339264796,0.001,-0.33132908,2.9986413,5.6660666
9,2320000,290,419.6721311475391,150.60944339264796,0.001,-0.33132908,2.9986413,5.6660666
10,2320000,290,376.76056338028184,150.60944339264796,0.001,-0.33132908,2.9986413,5.6660666
1,2360000,295,171.20622568093637,153.9059445438534,0.001,-0.3289422,3.0256302,5.7224326
2,2360000,295,232.00000000000333,153.9059445438534,0.001,-0.3289422,3.0256302,5.7224326
3,2360000,295,168.31683168316948,153.9059445438534,0.001,-0.3289422,3.0256302,5.7224326
4,2360000,295,444.44444444444156,153.9059445438534,0.001,-0.3289422,3.0256302,5.7224326
5,2360000,295,253.13846153846256,153.9059445438534,0.001,-0.3289422,3.0256302,5.7224326
6,2360000,295,336.4197530864245,153.9059445438534,0.001,-0.3289422,3.0256302,5.7224326
7,2360000,295,451.4925373134263,153.9059445438534,0.001,-0.3289422,3.0256302,5.7224326
8,2360000,295,194.0298507462717,153.9059445438534,0.001,-0.3289422,3.0256302,5.7224326
9,2360000,295,43.87350157728665,153.9059445438534,0.001,-0.3289422,3.0256302,5.7224326
10,2360000,295,177.08333333333456,153.9059445438534,0.001,-0.3289422,3.0256302,5.7224326
1,2400000,300,362.7450980392179,166.36878107438844,0.001,-0.33092213,3.0614452,5.7920847
2,2400000,300,403.50877192981847,166.36878107438844,0.001,-0.33092213,3.0614452,5.7920847
3,2400000,300,178.18181818182074,166.36878107438844,0.001,-0.33092213,3.0614452,5.7920847
4,2400000,300,345.1612903225846,166.36878107438844,0.001,-0.33092213,3.0614452,5.7920847
5,2400000,300,503.67647058823087,166.36878107438844,0.001,-0.33092213,3.0614452,5.7920847
6,2400000,300,377.04918032787015,166.36878107438844,0.001,-0.33092213,3.0614452,5.7920847
7,2400000,300,94.81493506493565,166.36878107438844,0.001,-0.33092213,3.0614452,5.7920847
8,2400000,300,57.02419354838757,166.36878107438844,0.001,-0.33092213,3.0614452,5.7920847
9,2400000,300,171.53284671533044,166.36878107438844,0.001,-0.33092213,3.0614452,5.7920847
10,2400000,300,344.15584415584897,166.36878107438844,0.001,-0.33092213,3.0614452,5.7920847
1,2440000,305,414.0127388535004,166.28607285246989,0.001,-0.33075577,3.0925195,5.854401
2,2440000,305,54.45053380782895,166.28607285246989,0.001,-0.33075577,3.0925195,5.854401
3,2440000,305,277.0270270270317,166.28607285246989,0.001,-0.33075577,3.0925195,5.854401
4,2440000,305,73.70925925926088,166.28607285246989,0.001,-0.33075577,3.0925195,5.854401
5,2440000,305,355.26315789474074,166.28607285246989,0.001,-0.33075577,3.0925195,5.854401
6,2440000,305,51.27358490566028,166.28607285246989,0.001,-0.33075577,3.0925195,5.854401
7,2440000,305,56.06279069767666,166.28607285246989,0.001,-0.33075577,3.0925195,5.854401
8,2440000,305,211.94029850746702,166.28607285246989,0.001,-0.33075577,3.0925195,5.854401
9,2440000,305,56.049350649350885,166.28607285246989,0.001,-0.33075577,3.0925195,5.854401
10,2440000,305,56.088857938717894,166.28607285246989,0.001,-0.33075577,3.0925195,5.854401
1,2480000,310,173.37899022801705,171.51147337378987,0.001,-0.33081993,3.1329575,5.9352136
2,2480000,310,315.9722222222242,171.51147337378987,0.001,-0.33081993,3.1329575,5.9352136
3,2480000,310,172.7574750830575,171.51147337378987,0.001,-0.33081993,3.1329575,5.9352136
4,2480000,310,277.99227799228004,171.51147337378987,0.001,-0.33081993,3.1329575,5.9352136
5,2480000,310,216.3842105263183,171.51147337378987,0.001,-0.33081993,3.1329575,5.9352136
6,2480000,310,262.36511627907,171.51147337378987,0.001,-0.33081993,3.1329575,5.9352136
7,2480000,310,507.7519379844895,171.51147337378987,0.001,-0.33081993,3.1329575,5.9352136
8,2480000,310,185.56160409556685,171.51147337378987,0.001,-0.33081993,3.1329575,5.9352136
9,2480000,310,399.99999999999994,171.51147337378987,0.001,-0.33081993,3.1329575,5.9352136
10,2480000,310,85.34063545150633,171.51147337378987,0.001,-0.33081993,3.1329575,5.9352136
1,2520000,315,522.2672064777223,184.3266666441198,0.001,-0.33470574,3.166222,5.997858
2,2520000,315,49.408940397350726,184.3266666441198,0.001,-0.33470574,3.166222,5.997858
3,2520000,315,346.58301886792043,184.3266666441198,0.001,-0.33470574,3.166222,5.997858
4,2520000,315,437.06293706293343,184.3266666441198,0.001,-0.33470574,3.166222,5.997858
5,2520000,315,486.2068965517163,184.3266666441198,0.001,-0.33470574,3.166222,5.997858
6,2520000,315,439.8496240601447,184.3266666441198,0.001,-0.33470574,3.166222,5.997858
7,2520000,315,56.04584717608013,184.3266666441198,0.001,-0.33470574,3.166222,5.997858
8,2520000,315,360.7142857142893,184.3266666441198,0.001,-0.33470574,3.166222,5.997858
9,2520000,315,363.98467432950446,184.3266666441198,0.001,-0.33470574,3.166222,5.997858
10,2520000,315,72.22961672473937,184.3266666441198,0.001,-0.33470574,3.166222,5.997858
1,2560000,320,66.85508474576328,181.75253121226024,0.001,-0.33323902,3.2009575,6.068797
2,2560000,320,210.12611940298848,181.75253121226024,0.001,-0.33323902,3.2009575,6.068797
3,2560000,320,71.97894736842132,181.75253121226024,0.001,-0.33323902,3.2009575,6.068797
4,2560000,320,202.79720279720593,181.75253121226024,0.001,-0.33323902,3.2009575,6.068797
5,2560000,320,493.3333333333272,181.75253121226024,0.001,-0.33323902,3.2009575,6.068797
6,2560000,320,232.40000000000407,181.75253121226024,0.001,-0.33323902,3.2009575,6.068797
7,2560000,320,393.58600583090356,181.75253121226024,0.001,-0.33323902,3.2009575,6.068797
8,2560000,320,437.9562043795595,181.75253121226024,0.001,-0.33323902,3.2009575,6.068797
9,2560000,320,465.4545454545379,181.75253121226024,0.001,-0.33323902,3.2009575,6.068797
10,2560000,320,394.8220064724897,181.75253121226024,0.001,-0.33323902,3.2009575,6.068797
1,2600000,325,261.3483483483484,180.47687750921835,0.001,-0.33256856,3.235121,6.1377954
2,2600000,325,539.0334572490613,180.47687750921835,0.001,-0.33256856,3.235121,6.1377954
3,2600000,325,174.8251748251775,180.47687750921835,0.001,-0.33256856,3.235121,6.1377954
4,2600000,325,496.06299212597725,180.47687750921835,0.001,-0.33256856,3.235121,6.1377954
5,2600000,325,432.6530612244893,180.47687750921835,0.001,-0.33256856,3.235121,6.1377954
6,2600000,325,429.5774647887262,180.47687750921835,0.001,-0.33256856,3.235121,6.1377954
7,2600000,325,329.3841328413244,180.47687750921835,0.001,-0.33256856,3.235121,6.1377954
8,2600000,325,61.90128205128408,180.47687750921835,0.001,-0.33256856,3.235121,6.1377954
9,2600000,325,72.83421052631779,180.47687750921835,0.001,-0.33256856,3.235121,6.1377954
10,2600000,325,311.82795698925077,180.47687750921835,0.001,-0.33256856,3.235121,6.1377954
1,2640000,330,195.7859424920154,200.84791699769113,0.001,-0.34034306,3.2690482,6.197876
2,2640000,330,408.44609929077484,200.84791699769113,0.001,-0.34034306,3.2690482,6.197876
3,2640000,330,208.76372549019953,200.84791699769113,0.001,-0.34034306,3.2690482,6.197876
4,2640000,330,413.7931034482703,200.84791699769113,0.001,-0.34034306,3.2690482,6.197876
5,2640000,330,263.73708609271415,200.84791699769113,0.001,-0.34034306,3.2690482,6.197876
6,2640000,330,498.2078853046525,200.84791699769113,0.001,-0.34034306,3.2690482,6.197876
7,2640000,330,527.5862068965423,200.84791699769113,0.001,-0.34034306,3.2690482,6.197876
8,2640000,330,470.7903780068667,200.84791699769113,0.001,-0.34034306,3.2690482,6.197876
9,2640000,330,232.14285714286092,200.84791699769113,0.001,-0.34034306,3.2690482,6.197876
10,2640000,330,200.64724919094044,200.84791699769113,0.001,-0.34034306,3.2690482,6.197876
1,2680000,335,56.02358803986806,202.48531661526857,0.001,-0.34076482,3.3090606,6.27748
2,2680000,335,279.50310559006647,202.48531661526857,0.001,-0.34076482,3.3090606,6.27748
3,2680000,335,48.019753086419314,202.48531661526857,0.001,-0.34076482,3.3090606,6.27748
4,2680000,335,157.8947368421078,202.48531661526857,0.001,-0.34076482,3.3090606,6.27748
5,2680000,335,205.5927652733147,202.48531661526857,0.001,-0.34076482,3.3090606,6.27748
6,2680000,335,369.6760456273699,202.48531661526857,0.001,-0.34076482,3.3090606,6.27748
7,2680000,335,478.5478547854733,202.48531661526857,0.001,-0.34076482,3.3090606,6.27748
8,2680000,335,299.7310469314058,202.48531661526857,0.001,-0.34076482,3.3090606,6.27748
9,2680000,335,452.1072796934795,202.48531661526857,0.001,-0.34076482,3.3090606,6.27748
10,2680000,335,390.57239057238553,202.48531661526857,0.001,-0.34076482,3.3090606,6.27748
1,2720000,340,310.3448275862118,198.4780491757103,0.001,-0.34023455,3.3503134,6.3605165
2,2720000,340,209.7378277153591,198.4780491757103,0.001,-0.34023455,3.3503134,6.3605165
3,2720000,340,309.1482649842318,198.4780491757103,0.001,-0.34023455,3.3503134,6.3605165
4,2720000,340,520.1465201465132,198.4780491757103,0.001,-0.34023455,3.3503134,6.3605165
5,2720000,340,53.145514950166096,198.4780491757103,0.001,-0.34023455,3.3503134,6.3605165
6,2720000,340,188.1785714285741,198.4780491757103,0.001,-0.34023455,3.3503134,6.3605165
7,2720000,340,48.707894736841865,198.4780491757103,0.001,-0.34023455,3.3503134,6.3605165
8,2720000,340,328.2208588957077,198.4780491757103,0.001,-0.34023455,3.3503134,6.3605165
9,2720000,340,261.9488054607516,198.4780491757103,0.001,-0.34023455,3.3503134,6.3605165
10,2720000,340,456.7474048442931,198.4780491757103,0.001,-0.34023455,3.3503134,6.3605165
1,2760000,345,296.1571428571421,186.57286777785188,0.001,-0.336366,3.3844075,6.4325747
2,2760000,345,188.8888888888922,186.57286777785188,0.001,-0.336366,3.3844075,6.4325747
3,2760000,345,455.14950166112595,186.57286777785188,0.001,-0.336366,3.3844075,6.4325747
4,2760000,345,498.0237154150118,186.57286777785188,0.001,-0.336366,3.3844075,6.4325747
5,2760000,345,498.08429118773034,186.57286777785188,0.001,-0.336366,3.3844075,6.4325747
6,2760000,345,191.69329073482675,186.57286777785188,0.001,-0.336366,3.3844075,6.4325747
7,2760000,345,330.66357615893764,186.57286777785188,0.001,-0.336366,3.3844075,6.4325747
8,2760000,345,56.04275618374764,186.57286777785188,0.001,-0.336366,3.3844075,6.4325747
9,2760000,345,56.02818791946457,186.57286777785188,0.001,-0.336366,3.3844075,6.4325747
10,2760000,345,56.059744408947765,186.57286777785188,0.001,-0.336366,3.3844075,6.4325747
1,2800000,350,519.3798449612332,201.93904180289064,0.001,-0.34061855,3.4161768,6.4918623
2,2800000,350,189.36877076412176,201.93904180289064,0.001,-0.34061855,3.4161768,6.4918623
3,2800000,350,432.0557491289178,201.93904180289064,0.001,-0.34061855,3.4161768,6.4918623
4,2800000,350,199.27536231884278,201.93904180289064,0.001,-0.34061855,3.4161768,6.4918623
5,2800000,350,418.36734693877486,201.93904180289064,0.001,-0.34061855,3.4161768,6.4918623
6,2800000,350,80.819387755103,201.93904180289064,0.001,-0.34061855,3.4161768,6.4918623
7,2800000,350,56.007473309611015,201.93904180289064,0.001,-0.34061855,3.4161768,6.4918623
8,2800000,350,275.43729372937236,201.93904180289064,0.001,-0.34061855,3.4161768,6.4918623
9,2800000,350,408.5603112840462,201.93904180289064,0.001,-0.34061855,3.4161768,6.4918623
10,2800000,350,276.32777777777414,201.93904180289064,0.001,-0.34061855,3.4161768,6.4918623
1,2840000,355,240.8548387096803,196.2128100990458,0.001,-0.33861783,3.442736,6.5469823
2,2840000,355,478.26086956521186,196.2128100990458,0.001,-0.33861783,3.442736,6.5469823
3,2840000,355,517.482517482513,196.2128100990458,0.001,-0.33861783,3.442736,6.5469823
4,2840000,355,450.98039215686055,196.2128100990458,0.001,-0.33861783,3.442736,6.5469823
5,2840000,355,218.81700680272385,196.2128100990458,0.001,-0.33861783,3.442736,6.5469823
6,2840000,355,483.01886792452194,196.2128100990458,0.001,-0.33861783,3.442736,6.5469823
7,2840000,355,94.37572614108113,196.2128100990458,0.001,-0.33861783,3.442736,6.5469823
8,2840000,355,294.31721854304334,196.2128100990458,0.001,-0.33861783,3.442736,6.5469823
9,2840000,355,66.43467153284936,196.2128100990458,0.001,-0.33861783,3.442736,6.5469823
10,2840000,355,277.6035087719284,196.2128100990458,0.001,-0.33861783,3.442736,6.5469823
1,2880000,360,420.8754208754198,193.82651442851272,0.001,-0.33690685,3.4802551,6.6237316
2,2880000,360,409.0909090909086,193.82651442851272,0.001,-0.33690685,3.4802551,6.6237316
3,2880000,360,291.0451612903212,193.82651442851272,0.001,-0.33690685,3.4802551,6.6237316
4,2880000,360,406.4516129032238,193.82651442851272,0.001,-0.33690685,3.4802551,6.6237316
5,2880000,360,380.06230529595297,193.82651442851272,0.001,-0.33690685,3.4802551,6.6237316
6,2880000,360,56.00781758957791,193.82651442851272,0.001,-0.33690685,3.4802551,6.6237316
7,2880000,360,412.54125412540895,193.82651442851272,0.001,-0.33690685,3.4802551,6.6237316
8,2880000,360,263.7809523809516,193.82651442851272,0.001,-0.33690685,3.4802551,6.6237316
9,2880000,360,209.73782771535826,193.82651442851272,0.001,-0.33690685,3.4802551,6.6237316
10,2880000,360,346.40522875817425,193.82651442851272,0.001,-0.33690685,3.4802551,6.6237316
1,2920000,365,277.0398601398584,203.50815062217745,0.001,-0.33946365,3.5100472,6.680761
2,2920000,365,250.5955223880608,203.50815062217745,0.001,-0.33946365,3.5100472,6.680761
3,2920000,365,195.21912350597916,203.50815062217745,0.001,-0.33946365,3.5100472,6.680761
4,2920000,365,277.71365187712877,203.50815062217745,0.001,-0.33946365,3.5100472,6.680761
5,2920000,365,203.06513409961968,203.50815062217745,0.001,-0.33946365,3.5100472,6.680761
6,2920000,365,211.46953405018144,203.50815062217745,0.001,-0.33946365,3.5100472,6.680761
7,2920000,365,56.00167224080357,203.50815062217745,0.001,-0.33946365,3.5100472,6.680761
8,2920000,365,190.6474820143909,203.50815062217745,0.001,-0.33946365,3.5100472,6.680761
9,2920000,365,430.92105263157833,203.50815062217745,0.001,-0.33946365,3.5100472,6.680761
10,2920000,365,393.54838709677495,203.50815062217745,0.001,-0.33946365,3.5100472,6.680761
1,2960000,370,178.83211678832353,215.7917409314371,0.001,-0.3423114,3.5310066,6.719832
2,2960000,370,441.0774410774379,215.7917409314371,0.001,-0.3423114,3.5310066,6.719832
3,2960000,370,505.4545454545377,215.7917409314371,0.001,-0.3423114,3.5310066,6.719832
4,2960000,370,498.31649831649145,215.7917409314371,0.001,-0.3423114,3.5310066,6.719832
5,2960000,370,477.12418300653223,215.7917409314371,0.001,-0.3423114,3.5310066,6.719832
6,2960000,370,73.83540145985565,215.7917409314371,0.001,-0.3423114,3.5310066,6.719832
7,2960000,370,303.24736842105,215.7917409314371,0.001,-0.3423114,3.5310066,6.719832
8,2960000,370,198.47328244275056,215.7917409314371,0.001,-0.3423114,3.5310066,6.719832
9,2960000,370,366.2420382165624,215.7917409314371,0.001,-0.3423114,3.5310066,6.719832
10,2960000,370,227.27272727272984,215.7917409314371,0.001,-0.3423114,3.5310066,6.719832
1,3000000,375,429.09090909090264,221.04117914382545,0.001,-0.34346586,3.5614324,6.7795305
2,3000000,375,297.6684210526283,221.04117914382545,0.001,-0.34346586,3.5614324,6.7795305
3,3000000,375,411.14982578397104,221.04117914382545,0.001,-0.34346586,3.5614324,6.7795305
4,3000000,375,428.0575539568314,221.04117914382545,0.001,-0.34346586,3.5614324,6.7795305
5,3000000,375,461.01694915254035,221.04117914382545,0.001,-0.34346586,3.5614324,6.7795305
6,3000000,375,468.01346801346233,221.04117914382545,0.001,-0.34346586,3.5614324,6.7795305
7,3000000,375,389.77635782747757,221.04117914382545,0.001,-0.34346586,3.5614324,6.7795305
8,3000000,375,334.2833333333303,221.04117914382545,0.001,-0.34346586,3.5614324,6.7795305
9,3000000,375,262.8517921146949,221.04117914382545,0.001,-0.34346586,3.5614324,6.7795305
10,3000000,375,437.6996805111798,221.04117914382545,0.001,-0.34346586,3.5614324,6.7795305
1,3040000,380,61.694736842107,218.08063364922697,0.001,-0.34407225,3.5863385,6.8287373
2,3040000,380,393.93939393939417,218.08063364922697,0.001,-0.34407225,3.5863385,6.8287373
3,3040000,380,431.81818181818227,218.08063364922697,0.001,-0.34407225,3.5863385,6.8287373
4,3040000,380,428.57142857142816,218.08063364922697,0.001,-0.34407225,3.5863385,6.8287373
5,3040000,380,119.22829457364584,218.08063364922697,0.001,-0.34407225,3.5863385,6.8287373
6,3040000,380,166.05166051660743,218.08063364922697,0.001,-0.34407225,3.5863385,6.8287373
7,3040000,380,166.12377850162977,218.08063364922697,0.001,-0.34407225,3.5863385,6.8287373
8,3040000,380,456.2043795620405,218.08063364922697,0.001,-0.34407225,3.5863385,6.8287373
9,3040000,380,456.6666666666626,218.08063364922697,0.001,-0.34407225,3.5863385,6.8287373
10,3040000,380,364.9122807017556,218.08063364922697,0.001,-0.34407225,3.5863385,6.8287373
1,3080000,385,548.1171548117063,231.96764499096705,0.001,-0.34772402,3.6057525,6.863914
2,3080000,385,90.1315498154996,231.96764499096705,0.001,-0.34772402,3.6057525,6.863914
3,3080000,385,258.4634146341456,231.96764499096705,0.001,-0.34772402,3.6057525,6.863914
4,3080000,385,73.54032258064666,231.96764499096705,0.001,-0.34772402,3.6057525,6.863914
5,3080000,385,394.7368421052589,231.96764499096705,0.001,-0.34772402,3.6057525,6.863914
6,3080000,385,211.8055555555581,231.96764499096705,0.001,-0.34772402,3.6057525,6.863914
7,3080000,385,280.0103448275854,231.96764499096705,0.001,-0.34772402,3.6057525,6.863914
8,3080000,385,330.16640926640537,231.96764499096705,0.001,-0.34772402,3.6057525,6.863914
9,3080000,385,397.21254355400384,231.96764499096705,0.001,-0.34772402,3.6057525,6.863914
10,3080000,385,313.04347826087434,231.96764499096705,0.001,-0.34772402,3.6057525,6.863914
1,3120000,390,429.62962962962104,241.40434148121477,0.001,-0.3511478,3.6259258,6.900839
2,3120000,390,354.55714285713464,241.40434148121477,0.001,-0.3511478,3.6259258,6.900839
3,3120000,390,182.38993710691958,241.40434148121477,0.001,-0.3511478,3.6259258,6.900839
4,3120000,390,460.2076124567425,241.40434148121477,0.001,-0.3511478,3.6259258,6.900839
5,3120000,390,250.17831715210613,241.40434148121477,0.001,-0.3511478,3.6259258,6.900839
6,3120000,390,439.1891891891884,241.40434148121477,0.001,-0.3511478,3.6259258,6.900839
7,3120000,390,208.43694158075874,241.40434148121477,0.001,-0.3511478,3.6259258,6.900839
8,3120000,390,299.63898916967946,241.40434148121477,0.001,-0.3511478,3.6259258,6.900839
9,3120000,390,313.5593220339024,241.40434148121477,0.001,-0.3511478,3.6259258,6.900839
10,3120000,390,407.6655052264747,241.40434148121477,0.001,-0.3511478,3.6259258,6.900839
1,3160000,395,239.26380368098572,250.33314841926068,0.001,-0.35506502,3.6558506,6.956772
2,3160000,395,264.7743589743593,250.33314841926068,0.001,-0.35506502,3.6558506,6.956772
3,3160000,395,163.8225255972717,250.33314841926068,0.001,-0.35506502,3.6558506,6.956772
4,3160000,395,393.8356164383538,250.33314841926068,0.001,-0.35506502,3.6558506,6.956772
5,3160000,395,416.0583941605782,250.33314841926068,0.001,-0.35506502,3.6558506,6.956772
6,3160000,395,202.09059233449702,250.33314841926068,0.001,-0.35506502,3.6558506,6.956772
7,3160000,395,74.3723300970886,250.33314841926068,0.001,-0.35506502,3.6558506,6.956772
8,3160000,395,394.13680781759007,250.33314841926068,0.001,-0.35506502,3.6558506,6.956772
9,3160000,395,461.80555555555065,250.33314841926068,0.001,-0.35506502,3.6558506,6.956772
10,3160000,395,417.7631578947321,250.33314841926068,0.001,-0.35506502,3.6558506,6.956772
1,3200000,400,184.5637583892639,248.77248517072005,0.001,-0.35636345,3.6849432,7.0136585
2,3200000,400,405.69395017793454,248.77248517072005,0.001,-0.35636345,3.6849432,7.0136585
3,3200000,400,225.27826086956765,248.77248517072005,0.001,-0.35636345,3.6849432,7.0136585
4,3200000,400,75.9596491228093,248.77248517072005,0.001,-0.35636345,3.6849432,7.0136585
5,3200000,400,410.77441077440824,248.77248517072005,0.001,-0.35636345,3.6849432,7.0136585
6,3200000,400,218.3908045977041,248.77248517072005,0.001,-0.35636345,3.6849432,7.0136585
7,3200000,400,161.62142857143246,248.77248517072005,0.001,-0.35636345,3.6849432,7.0136585
8,3200000,400,519.1489361702033,248.77248517072005,0.001,-0.35636345,3.6849432,7.0136585
9,3200000,400,199.30069930070124,248.77248517072005,0.001,-0.35636345,3.6849432,7.0136585
10,3200000,400,236.1707171314762,248.77248517072005,0.001,-0.35636345,3.6849432,7.0136585
1,3240000,405,343.35839598997836,254.65469091020736,0.001,-0.35879555,3.7124152,7.066171
2,3240000,405,214.66494661922073,254.65469091020736,0.001,-0.35879555,3.7124152,7.066171
3,3240000,405,211.53846153846476,254.65469091020736,0.001,-0.35879555,3.7124152,7.066171
4,3240000,405,416.39344262294696,254.65469091020736,0.001,-0.35879555,3.7124152,7.066171
5,3240000,405,252.55967741935598,254.65469091020736,0.001,-0.35879555,3.7124152,7.066171
6,3240000,405,442.62295081966545,254.65469091020736,0.001,-0.35879555,3.7124152,7.066171
7,3240000,405,208.17843866171344,254.65469091020736,0.001,-0.35879555,3.7124152,7.066171
8,3240000,405,239.95365448505424,254.65469091020736,0.001,-0.35879555,3.7124152,7.066171
9,3240000,405,443.6860068259341,254.65469091020736,0.001,-0.35879555,3.7124152,7.066171
10,3240000,405,350.0000000000033,254.65469091020736,0.001,-0.35879555,3.7124152,7.066171
1,3280000,410,597.1731448763198,250.3763639670472,0.001,-0.35976768,3.7399843,7.120338
2,3280000,410,175.4083061889296,250.3763639670472,0.001,-0.35976768,3.7399843,7.120338
3,3280000,410,495.0819672131104,250.3763639670472,0.001,-0.35976768,3.7399843,7.120338
4,3280000,410,271.14421768707257,250.3763639670472,0.001,-0.35976768,3.7399843,7.120338
5,3280000,410,411.58536585365897,250.3763639670472,0.001,-0.35976768,3.7399843,7.120338
6,3280000,410,284.639860139858,250.3763639670472,0.001,-0.35976768,3.7399843,7.120338
7,3280000,410,304.8128342246038,250.3763639670472,0.001,-0.35976768,3.7399843,7.120338
8,3280000,410,454.54545454545354,250.3763639670472,0.001,-0.35976768,3.7399843,7.120338
9,3280000,410,292.95238095237727,250.3763639670472,0.001,-0.35976768,3.7399843,7.120338
10,3280000,410,523.2974910394189,250.3763639670472,0.001,-0.35976768,3.7399843,7.120338
1,3320000,415,437.29903536977264,243.67165597296488,0.001,-0.35856426,3.767045,7.175664
2,3320000,415,397.92387543252204,243.67165597296488,0.001,-0.35856426,3.767045,7.175664
3,3320000,415,368.0297397769476,243.67165597296488,0.001,-0.35856426,3.767045,7.175664
4,3320000,415,202.09059233449736,243.67165597296488,0.001,-0.35856426,3.767045,7.175664
5,3320000,415,434.78260869565094,243.67165597296488,0.001,-0.35856426,3.767045,7.175664
6,3320000,415,451.8518518518445,243.67165597296488,0.001,-0.35856426,3.767045,7.175664
7,3320000,415,413.04347826086354,243.67165597296488,0.001,-0.35856426,3.767045,7.175664
8,3320000,415,193.10344827586434,243.67165597296488,0.001,-0.35856426,3.767045,7.175664
9,3320000,415,197.71863117870996,243.67165597296488,0.001,-0.35856426,3.767045,7.175664
10,3320000,415,197.041973244151,243.67165597296488,0.001,-0.35856426,3.767045,7.175664
1,3360000,420,325.00000000000455,234.11719331128091,0.001,-0.35680693,3.791733,7.226798
2,3360000,420,452.14521452144874,234.11719331128091,0.001,-0.35680693,3.791733,7.226798
3,3360000,420,383.64779874214014,234.11719331128091,0.001,-0.35680693,3.791733,7.226798
4,3360000,420,440.8945686900931,234.11719331128091,0.001,-0.35680693,3.791733,7.226798
5,3360000,420,185.68621262458808,234.11719331128091,0.001,-0.35680693,3.791733,7.226798
6,3360000,420,432.7272727272655,234.11719331128091,0.001,-0.35680693,3.791733,7.226798
7,3360000,420,385.8520900321538,234.11719331128091,0.001,-0.35680693,3.791733,7.226798
8,3360000,420,211.80555555555813,234.11719331128091,0.001,-0.35680693,3.791733,7.226798
9,3360000,420,493.15068493150375,234.11719331128091,0.001,-0.35680693,3.791733,7.226798
10,3360000,420,408.9456869009583,234.11719331128091,0.001,-0.35680693,3.791733,7.226798
1,3400000,425,301.9912280701705,239.612750174346,0.001,-0.35822636,3.814653,7.27122
2,3400000,425,260.3195729537363,239.612750174346,0.001,-0.35822636,3.814653,7.27122
3,3400000,425,378.3783783783796,239.612750174346,0.001,-0.35822636,3.814653,7.27122
4,3400000,425,87.88846153846363,239.612750174346,0.001,-0.35822636,3.814653,7.27122
5,3400000,425,440.8602150537591,239.612750174346,0.001,-0.35822636,3.814653,7.27122
6,3400000,425,393.5483870967734,239.612750174346,0.001,-0.35822636,3.814653,7.27122
7,3400000,425,203.44827586207185,239.612750174346,0.001,-0.35822636,3.814653,7.27122
8,3400000,425,342.1052631578998,239.612750174346,0.001,-0.35822636,3.814653,7.27122
9,3400000,425,485.29411764705435,239.612750174346,0.001,-0.35822636,3.814653,7.27122
10,3400000,425,56.04237288135715,239.612750174346,0.001,-0.35822636,3.814653,7.27122
1,3440000,430,324.2690647481968,245.1345509776551,0.001,-0.35820442,3.8371546,7.316246
2,3440000,430,476.3513513513471,245.1345509776551,0.001,-0.35820442,3.8371546,7.316246
3,3440000,430,523.8095238095191,245.1345509776551,0.001,-0.35820442,3.8371546,7.316246
4,3440000,430,296.22962962962924,245.1345509776551,0.001,-0.35820442,3.8371546,7.316246
5,3440000,430,264.63531353135255,245.1345509776551,0.001,-0.35820442,3.8371546,7.316246
6,3440000,430,285.77181208053554,245.1345509776551,0.001,-0.35820442,3.8371546,7.316246
7,3440000,430,190.57077922078344,245.1345509776551,0.001,-0.35820442,3.8371546,7.316246
8,3440000,430,233.71487455197553,245.1345509776551,0.001,-0.35820442,3.8371546,7.316246
9,3440000,430,296.0209302325528,245.1345509776551,0.001,-0.35820442,3.8371546,7.316246
10,3440000,430,168.9655172413818,245.1345509776551,0.001,-0.35820442,3.8371546,7.316246
1,3480000,435,173.22834645669693,256.7873902327669,0.001,-0.3616771,3.8618934,7.3622513
2,3480000,435,95.53431372549218,256.7873902327669,0.001,-0.3616771,3.8618934,7.3622513
3,3480000,435,226.36103151862918,256.7873902327669,0.001,-0.3616771,3.8618934,7.3622513
4,3480000,435,542.7509293680225,256.7873902327669,0.001,-0.3616771,3.8618934,7.3622513
5,3480000,435,232.11540880503514,256.7873902327669,0.001,-0.3616771,3.8618934,7.3622513
6,3480000,435,185.8736059479583,256.7873902327669,0.001,-0.3616771,3.8618934,7.3622513
7,3480000,435,277.2861356932196,256.7873902327669,0.001,-0.3616771,3.8618934,7.3622513
8,3480000,435,250.0000000000048,256.7873902327669,0.001,-0.3616771,3.8618934,7.3622513
9,3480000,435,189.5424836601336,256.7873902327669,0.001,-0.3616771,3.8618934,7.3622513
10,3480000,435,298.15714285714097,256.7873902327669,0.001,-0.3616771,3.8618934,7.3622513
1,3520000,440,338.18181818181995,260.8416672248416,0.001,-0.36366186,3.8832695,7.4030194
2,3520000,440,251.057142857144,260.8416672248416,0.001,-0.36366186,3.8832695,7.4030194
3,3520000,440,271.69999999999925,260.8416672248416,0.001,-0.36366186,3.8832695,7.4030194
4,3520000,440,159.82611940298852,260.8416672248416,0.001,-0.36366186,3.8832695,7.4030194
5,3520000,440,312.6998257839672,260.8416672248416,0.001,-0.36366186,3.8832695,7.4030194
6,3520000,440,291.35830388692204,260.8416672248416,0.001,-0.36366186,3.8832695,7.4030194
7,3520000,440,508.36120401337473,260.8416672248416,0.001,-0.36366186,3.8832695,7.4030194
8,3520000,440,489.65517241378654,260.8416672248416,0.001,-0.36366186,3.8832695,7.4030194
9,3520000,440,260.3174603174646,260.8416672248416,0.001,-0.36366186,3.8832695,7.4030194
10,3520000,440,441.7910447761154,260.8416672248416,0.001,-0.36366186,3.8832695,7.4030194
1,3560000,445,202.11606498195187,254.68533522395575,0.001,-0.36348215,3.900529,7.4377193
2,3560000,445,280.7428571428553,254.68533522395575,0.001,-0.36348215,3.900529,7.4377193
3,3560000,445,592.7419354838632,254.68533522395575,0.001,-0.36348215,3.900529,7.4377193
4,3560000,445,56.03417721519094,254.68533522395575,0.001,-0.36348215,3.900529,7.4377193
5,3560000,445,277.2886075949367,254.68533522395575,0.001,-0.36348215,3.900529,7.4377193
6,3560000,445,440.14084507041827,254.68533522395575,0.001,-0.36348215,3.900529,7.4377193
7,3560000,445,563.6363636363542,254.68533522395575,0.001,-0.36348215,3.900529,7.4377193
8,3560000,445,290.97473498232915,254.68533522395575,0.001,-0.36348215,3.900529,7.4377193
9,3560000,445,209.45945945946215,254.68533522395575,0.001,-0.36348215,3.900529,7.4377193
10,3560000,445,397.5155279503084,254.68533522395575,0.001,-0.36348215,3.900529,7.4377193
1,3600000,450,515.7894736842031,261.37169081874634,0.001,-0.36527568,3.9218783,7.4786253
2,3600000,450,181.70562913907563,261.37169081874634,0.001,-0.36527568,3.9218783,7.4786253
3,3600000,450,352.94117647059136,261.37169081874634,0.001,-0.36527568,3.9218783,7.4786253
4,3600000,450,347.3967426710042,261.37169081874634,0.001,-0.36527568,3.9218783,7.4786253
5,3600000,450,301.2422360248494,261.37169081874634,0.001,-0.36527568,3.9218783,7.4786253
6,3600000,450,305.01702127659377,261.37169081874634,0.001,-0.36527568,3.9218783,7.4786253
7,3600000,450,56.05442176870926,261.37169081874634,0.001,-0.36527568,3.9218783,7.4786253
8,3600000,450,374.9999999999988,261.37169081874634,0.001,-0.36527568,3.9218783,7.4786253
9,3600000,450,315.766123778498,261.37169081874634,0.001,-0.36527568,3.9218783,7.4786253
10,3600000,450,227.2097902097927,261.37169081874634,0.001,-0.36527568,3.9218783,7.4786253
1,3640000,455,56.07288135593329,273.6174331903815,0.001,-0.36924896,3.9449713,7.520838
2,3640000,455,460.7508532423169,273.6174331903815,0.001,-0.36924896,3.9449713,7.520838
3,3640000,455,462.26415094339006,273.6174331903815,0.001,-0.36924896,3.9449713,7.520838
4,3640000,455,641.7322834645594,273.6174331903815,0.001,-0.36924896,3.9449713,7.520838
5,3640000,455,376.1755485893438,273.6174331903815,0.001,-0.36924896,3.9449713,7.520838
6,3640000,455,515.267175572511,273.6174331903815,0.001,-0.36924896,3.9449713,7.520838
7,3640000,455,181.81818181818346,273.6174331903815,0.001,-0.36924896,3.9449713,7.520838
8,3640000,455,307.47972508590715,273.6174331903815,0.001,-0.36924896,3.9449713,7.520838
9,3640000,455,467.1280276816564,273.6174331903815,0.001,-0.36924896,3.9449713,7.520838
10,3640000,455,570.9090909090817,273.6174331903815,0.001,-0.36924896,3.9449713,7.520838
1,3680000,460,156.14617940199494,278.11548710456225,0.001,-0.3724473,3.9673905,7.562478
2,3680000,460,328.8350877192947,278.11548710456225,0.001,-0.3724473,3.9673905,7.562478
3,3680000,460,345.9302325581434,278.11548710456225,0.001,-0.3724473,3.9673905,7.562478
4,3680000,460,328.90365448505503,278.11548710456225,0.001,-0.3724473,3.9673905,7.562478
5,3680000,460,199.28825622775835,278.11548710456225,0.001,-0.3724473,3.9673905,7.562478
6,3680000,460,260.1372549019588,278.11548710456225,0.001,-0.3724473,3.9673905,7.562478
7,3680000,460,330.8721311475389,278.11548710456225,0.001,-0.3724473,3.9673905,7.562478
8,3680000,460,275.027152317877,278.11548710456225,0.001,-0.3724473,3.9673905,7.562478
9,3680000,460,266.0047619047573,278.11548710456225,0.001,-0.3724473,3.9673905,7.562478
10,3680000,460,526.3157894736748,278.11548710456225,0.001,-0.3724473,3.9673905,7.562478
1,3720000,465,349.36043956043363,279.6961239697442,0.001,-0.3740075,3.9868174,7.599774
2,3720000,465,320.53116883116525,279.6961239697442,0.001,-0.3740075,3.9868174,7.599774
3,3720000,465,474.99999999999494,279.6961239697442,0.001,-0.3740075,3.9868174,7.599774
4,3720000,465,303.11094890510634,279.6961239697442,0.001,-0.3740075,3.9868174,7.599774
5,3720000,465,423.333333333331,279.6961239697442,0.001,-0.3740075,3.9868174,7.599774
6,3720000,465,331.7302013422753,279.6961239697442,0.001,-0.3740075,3.9868174,7.599774
7,3720000,465,294.7212218649489,279.6961239697442,0.001,-0.3740075,3.9868174,7.599774
8,3720000,465,103.85331010453037,279.6961239697442,0.001,-0.3740075,3.9868174,7.599774
9,3720000,465,505.92885375493563,279.6961239697442,0.001,-0.3740075,3.9868174,7.599774
10,3720000,465,466.19217081849695,279.6961239697442,0.001,-0.3740075,3.9868174,7.599774
1,3760000,470,359.5166163142032,274.71000839538533,0.001,-0.37374875,4.005386,7.63717
2,3760000,470,220.24259259259549,274.71000839538533,0.001,-0.37374875,4.005386,7.63717
3,3760000,470,56.083150183152796,274.71000839538533,0.001,-0.37374875,4.005386,7.63717
4,3760000,470,447.81144781144206,274.71000839538533,0.001,-0.37374875,4.005386,7.63717
5,3760000,470,198.30884353741774,274.71000839538533,0.001,-0.37374875,4.005386,7.63717
6,3760000,470,401.3605442176828,274.71000839538533,0.001,-0.37374875,4.005386,7.63717
7,3760000,470,198.05194805194955,274.71000839538533,0.001,-0.37374875,4.005386,7.63717
8,3760000,470,192.72727272727383,274.71000839538533,0.001,-0.37374875,4.005386,7.63717
9,3760000,470,163.7630662020905,274.71000839538533,0.001,-0.37374875,4.005386,7.63717
10,3760000,470,164.17910447761244,274.71000839538533,0.001,-0.37374875,4.005386,7.63717
1,3800000,475,169.43521594684444,281.4032202934236,0.001,-0.3755519,4.0254545,7.6755047
2,3800000,475,508.5910652920908,281.4032202934236,0.001,-0.3755519,4.0254545,7.6755047
3,3800000,475,505.3003533568847,281.4032202934236,0.001,-0.3755519,4.0254545,7.6755047
4,3800000,475,413.7931034482731,281.4032202934236,0.001,-0.3755519,4.0254545,7.6755047
5,3800000,475,56.05167224080335,281.4032202934236,0.001,-0.3755519,4.0254545,7.6755047
6,3800000,475,464.1638225255899,281.4032202934236,0.001,-0.3755519,4.0254545,7.6755047
7,3800000,475,470.80291970802347,281.4032202934236,0.001,-0.3755519,4.0254545,7.6755047
8,3800000,475,210.34482758620894,281.4032202934236,0.001,-0.3755519,4.0254545,7.6755047
9,3800000,475,330.3030303030349,281.4032202934236,0.001,-0.3755519,4.0254545,7.6755047
10,3800000,475,346.2675675675619,281.4032202934236,0.001,-0.3755519,4.0254545,7.6755047
1,3840000,480,498.1132075471624,276.51147500067475,0.001,-0.37416878,4.0462995,7.718579
2,3840000,480,167.78523489933022,276.51147500067475,0.001,-0.37416878,4.0462995,7.718579
3,3840000,480,469.5945945945881,276.51147500067475,0.001,-0.37416878,4.0462995,7.718579
4,3840000,480,470.39473684210157,276.51147500067475,0.001,-0.37416878,4.0462995,7.718579
5,3840000,480,181.48148148148306,276.51147500067475,0.001,-0.37416878,4.0462995,7.718579
6,3840000,480,188.0843373494014,276.51147500067475,0.001,-0.37416878,4.0462995,7.718579
7,3840000,480,361.09855072463233,276.51147500067475,0.001,-0.37416878,4.0462995,7.718579
8,3840000,480,381.57894736842064,276.51147500067475,0.001,-0.37416878,4.0462995,7.718579
9,3840000,480,385.54216867470143,276.51147500067475,0.001,-0.37416878,4.0462995,7.718579
10,3840000,480,178.45117845117846,276.51147500067475,0.001,-0.37416878,4.0462995,7.718579
1,3880000,485,433.0985915492897,277.00366652943376,0.001,-0.37493932,4.059939,7.745088
2,3880000,485,477.8156996586967,277.00366652943376,0.001,-0.37493932,4.059939,7.745088
3,3880000,485,424.74916387959445,277.00366652943376,0.001,-0.37493932,4.059939,7.745088
4,3880000,485,195.5353658536629,277.00366652943376,0.001,-0.37493932,4.059939,7.745088
5,3880000,485,180.2120141342752,277.00366652943376,0.001,-0.37493932,4.059939,7.745088
6,3880000,485,106.09705882353012,277.00366652943376,0.001,-0.37493932,4.059939,7.745088
7,3880000,485,410.09463722397453,277.00366652943376,0.001,-0.37493932,4.059939,7.745088
8,3880000,485,382.2525597269615,277.00366652943376,0.001,-0.37493932,4.059939,7.745088
9,3880000,485,461.5384615384577,277.00366652943376,0.001,-0.37493932,4.059939,7.745088
10,3880000,485,248.54505119454208,277.00366652943376,0.001,-0.37493932,4.059939,7.745088
1,3920000,490,449.36708860759086,275.27520556363555,0.001,-0.3746201,4.0782914,7.782112
2,3920000,490,307.40879478827185,275.27520556363555,0.001,-0.3746201,4.0782914,7.782112
3,3920000,490,513.6054421768653,275.27520556363555,0.001,-0.3746201,4.0782914,7.782112
4,3920000,490,379.0992217898739,275.27520556363555,0.001,-0.3746201,4.0782914,7.782112
5,3920000,490,261.7249999999997,275.27520556363555,0.001,-0.3746201,4.0782914,7.782112
6,3920000,490,471.4828897338357,275.27520556363555,0.001,-0.3746201,4.0782914,7.782112
7,3920000,490,532.0754716981048,275.27520556363555,0.001,-0.3746201,4.0782914,7.782112
8,3920000,490,484.7457627118589,275.27520556363555,0.001,-0.3746201,4.0782914,7.782112
9,3920000,490,443.7086092715197,275.27520556363555,0.001,-0.3746201,4.0782914,7.782112
10,3920000,490,276.0704225352107,275.27520556363555,0.001,-0.3746201,4.0782914,7.782112
1,3960000,495,408.8050314465379,270.428637134217,0.001,-0.3740114,4.095486,7.817111
2,3960000,495,56.07175572519397,270.428637134217,0.001,-0.3740114,4.095486,7.817111
3,3960000,495,494.5454545454495,270.428637134217,0.001,-0.3740114,4.095486,7.817111
4,3960000,495,515.6794425087044,270.428637134217,0.001,-0.3740114,4.095486,7.817111
5,3960000,495,478.7234042553133,270.428637134217,0.001,-0.3740114,4.095486,7.817111
6,3960000,495,432.98969072164607,270.428637134217,0.001,-0.3740114,4.095486,7.817111
7,3960000,495,389.6103896103866,270.428637134217,0.001,-0.3740114,4.095486,7.817111
8,3960000,495,411.9601328903651,270.428637134217,0.001,-0.3740114,4.095486,7.817111
9,3960000,495,226.12710843373935,270.428637134217,0.001,-0.3740114,4.095486,7.817111
10,3960000,495,374.25149700599,270.428637134217,0.001,-0.3740114,4.095486,7.817111
1,4000000,500,184.36811846690094,267.3916537838168,0.001,-0.37103674,4.109636,7.8483872
2,4000000,500,393.7500000000001,267.3916537838168,0.001,-0.37103674,4.109636,7.8483872
3,4000000,500,183.9464882943157,267.3916537838168,0.001,-0.37103674,4.109636,7.8483872
4,4000000,500,358.43373493976134,267.3916537838168,0.001,-0.37103674,4.109636,7.8483872
5,4000000,500,402.4767801857584,267.3916537838168,0.001,-0.37103674,4.109636,7.8483872
6,4000000,500,455.384615384611,267.3916537838168,0.001,-0.37103674,4.109636,7.8483872
7,4000000,500,281.7916932907346,267.3916537838168,0.001,-0.37103674,4.109636,7.8483872
8,4000000,500,293.8648208469029,267.3916537838168,0.001,-0.37103674,4.109636,7.8483872
9,4000000,500,56.06129032258055,267.3916537838168,0.001,-0.37103674,4.109636,7.8483872
10,4000000,500,227.27272727272808,267.3916537838168,0.001,-0.37103674,4.109636,7.8483872
