1,40000,5,91.46341463414647,-7.491818714625134,0.001,0.23368368,0.78332233,1.8003365
2,40000,5,122.44897959183629,-7.491818714625134,0.001,0.23368368,0.78332233,1.8003365
3,40000,5,-14.446091205211616,-7.491818714625134,0.001,0.23368368,0.78332233,1.8003365
4,40000,5,-15.45793650793642,-7.491818714625134,0.001,0.23368368,0.78332233,1.8003365
5,40000,5,-13.871052631578833,-7.491818714625134,0.001,0.23368368,0.78332233,1.8003365
6,40000,5,-9.719930069929822,-7.491818714625134,0.001,0.23368368,0.78332233,1.8003365
7,40000,5,-12.215886287625263,-7.491818714625134,0.001,0.23368368,0.78332233,1.8003365
8,40000,5,-16.524999999999928,-7.491818714625134,0.001,0.23368368,0.78332233,1.8003365
9,40000,5,-5.344117647058575,-7.491818714625134,0.001,0.23368368,0.78332233,1.8003365
10,40000,5,-18.013432835820844,-7.491818714625134,0.001,0.23368368,0.78332233,1.8003365
1,80000,10,-5.610431654676018,-12.361764200796044,0.001,0.21348734,0.71919614,1.6518879
2,80000,10,-9.66355932203372,-12.361764200796044,0.001,0.21348734,0.71919614,1.6518879
3,80000,10,-8.336206896551504,-12.361764200796044,0.001,0.21348734,0.71919614,1.6518879
4,80000,10,-6.581914893616779,-12.361764200796044,0.001,0.21348734,0.71919614,1.6518879
5,80000,10,-12.443069306930573,-12.361764200796044,0.001,0.21348734,0.71919614,1.6518879
6,80000,10,-15.632608695652097,-12.361764200796044,0.001,0.21348734,0.71919614,1.6518879
7,80000,10,-17.87619047619043,-12.361764200796044,0.001,0.21348734,0.71919614,1.6518879
8,80000,10,-9.932191780821706,-12.361764200796044,0.001,0.21348734,0.71919614,1.6518879
9,80000,10,-11.18243243243225,-12.361764200796044,0.001,0.21348734,0.71919614,1.6518879
10,80000,10,96.77419354838715,-12.361764200796044,0.001,0.21348734,0.71919614,1.6518879
1,120000,15,93.16770186335414,-16.952328702060967,0.001,0.21807696,0.6864865,1.5910583
2,120000,15,-2.7830855018584697,-16.952328702060967,0.001,0.21807696,0.6864865,1.5910583
3,120000,15,-6.506338028168767,-16.952328702060967,0.001,0.21807696,0.6864865,1.5910583
4,120000,15,-15.312264150943315,-16.952328702060967,0.001,0.21807696,0.6864865,1.5910583
5,120000,15,114.5038167938935,-16.952328702060967,0.001,0.21807696,0.6864865,1.5910583
6,120000,15,-6.665789473683959,-16.952328702060967,0.001,0.21807696,0.6864865,1.5910583
7,120000,15,-8.990614334470791,-16.952328702060967,0.001,0.21807696,0.6864865,1.5910583
8,120000,15,-14.524999999999926,-16.952328702060967,0.001,0.21807696,0.6864865,1.5910583
9,120000,15,-5.48118279569868,-16.952328702060967,0.001,0.21807696,0.6864865,1.5910583
10,120000,15,-15.835185185185114,-16.952328702060967,0.001,0.21807696,0.6864865,1.5910583
1,160000,20,-10.70405405405387,-17.919023310678135,0.001,0.2011095,0.68070006,1.5625184
2,160000,20,-11.243069306930574,-17.919023310678135,0.001,0.2011095,0.68070006,1.5625184
3,160000,20,-8.063559322033726,-17.919023310678135,0.001,0.2011095,0.68070006,1.5625184
4,160000,20,162.93929712460007,-17.919023310678135,0.001,0.2011095,0.68070006,1.5625184
5,160000,20,8.814285714285727,-17.919023310678135,0.001,0.2011095,0.68070006,1.5625184
6,160000,20,-7.921477663230029,-17.919023310678135,0.001,0.2011095,0.68070006,1.5625184
7,160000,20,-5.723426573426326,-17.919023310678135,0.001,0.2011095,0.68070006,1.5625184
8,160000,20,-3.686363636363379,-17.919023310678135,0.001,0.2011095,0.68070006,1.5625184
9,160000,20,-8.563559322033724,-17.919023310678135,0.001,0.2011095,0.68070006,1.5625184
10,160000,20,-11.62254901960774,-17.919023310678135,0.001,0.2011095,0.68070006,1.5625184
1,200000,25,-15.044704049844166,-19.88213402477516,0.001,0.19829334,0.676403,1.5511082
2,200000,25,-17.913432835820842,-19.88213402477516,0.001,0.19829334,0.676403,1.5511082
3,200000,25,-6.406338028168767,-19.88213402477516,0.001,0.19829334,0.676403,1.5511082
4,200000,25,-4.947833935017814,-19.88213402477516,0.001,0.19829334,0.676403,1.5511082
5,200000,25,-12.742307692307598,-19.88213402477516,0.001,0.19829334,0.676403,1.5511082
6,200000,25,-2.102631578947105,-19.88213402477516,0.001,0.19829334,0.676403,1.5511082
7,200000,25,-11.497540983606449,-19.88213402477516,0.001,0.19829334,0.676403,1.5511082
8,200000,25,-7.733333333333093,-19.88213402477516,0.001,0.19829334,0.676403,1.5511082
9,200000,25,-11.946091205211625,-19.88213402477516,0.001,0.19829334,0.676403,1.5511082
10,200000,25,-11.113576158940273,-19.88213402477516,0.001,0.19829334,0.676403,1.5511082
1,240000,30,-17.520212765957393,-18.697834551564615,0.001,0.1902423,0.6825758,1.5554035
2,240000,30,-8.532191780821707,-18.697834551564615,0.001,0.1902423,0.6825758,1.5554035
3,240000,30,-13.65734824281141,-18.697834551564615,0.001,0.1902423,0.6825758,1.5554035
4,240000,30,105.63380281690175,-18.697834551564615,0.001,0.1902423,0.6825758,1.5554035
5,240000,30,-8.585051546391535,-18.697834551564615,0.001,0.1902423,0.6825758,1.5554035
6,240000,30,96.77419354838715,-18.697834551564615,0.001,0.1902423,0.6825758,1.5554035
7,240000,30,-10.835906040268297,-18.697834551564615,0.001,0.1902423,0.6825758,1.5554035
8,240000,30,-13.268181818181716,-18.697834551564615,0.001,0.1902423,0.6825758,1.5554035
9,240000,30,-11.28255813953475,-18.697834551564615,0.001,0.1902423,0.6825758,1.5554035
10,240000,30,-3.19179104477585,-18.697834551564615,0.001,0.1902423,0.6825758,1.5554035
1,280000,35,114.81481481481518,-19.70721245692802,0.001,0.18716514,0.6885074,1.56419
2,280000,35,98.68421052631587,-19.70721245692802,0.001,0.18716514,0.6885074,1.56419
3,280000,35,13.494163424124434,-19.70721245692802,0.001,0.18716514,0.6885074,1.56419
4,280000,35,109.89010989011022,-19.70721245692802,0.001,0.18716514,0.6885074,1.56419
5,280000,35,-13.171052631578831,-19.70721245692802,0.001,0.18716514,0.6885074,1.56419
6,280000,35,-9.77764505119433,-19.70721245692802,0.001,0.18716514,0.6885074,1.56419
7,280000,35,-2.878301886792195,-19.70721245692802,0.001,0.18716514,0.6885074,1.56419
8,280000,35,107.1428571428575,-19.70721245692802,0.001,0.18716514,0.6885074,1.56419
9,280000,35,-13.3258842443729,-19.70721245692802,0.001,0.18716514,0.6885074,1.56419
10,280000,35,-8.479268292682681,-19.70721245692802,0.001,0.18716514,0.6885074,1.56419
1,320000,40,218.04511278195648,-13.370166733109352,0.001,0.16983888,0.7271383,1.6241258
2,320000,40,208.33333333333462,-13.370166733109352,0.001,0.16983888,0.7271383,1.6241258
3,320000,40,110.29411764705917,-13.370166733109352,0.001,0.16983888,0.7271383,1.6241258
4,320000,40,99.0099009900991,-13.370166733109352,0.001,0.16983888,0.7271383,1.6241258
5,320000,40,202.7972027972038,-13.370166733109352,0.001,0.16983888,0.7271383,1.6241258
6,320000,40,111.11111111111148,-13.370166733109352,0.001,0.16983888,0.7271383,1.6241258
7,320000,40,209.55882352941302,-13.370166733109352,0.001,0.16983888,0.7271383,1.6241258
8,320000,40,149.25373134328356,-13.370166733109352,0.001,0.16983888,0.7271383,1.6241258
9,320000,40,51.82209737827697,-13.370166733109352,0.001,0.16983888,0.7271383,1.6241258
10,320000,40,185.1851851851857,-13.370166733109352,0.001,0.16983888,0.7271383,1.6241258
1,360000,45,231.57894736842414,-5.2526220522454,0.001,0.14647286,0.78353393,1.7135522
2,360000,45,61.570689655172885,-5.2526220522454,0.001,0.14647286,0.78353393,1.7135522
3,360000,45,272.4014336917598,-5.2526220522454,0.001,0.14647286,0.78353393,1.7135522
4,360000,45,92.59259259259271,-5.2526220522454,0.001,0.14647286,0.78353393,1.7135522
5,360000,45,56.05516014234975,-5.2526220522454,0.001,0.14647286,0.78353393,1.7135522
6,360000,45,41.62508417508391,-5.2526220522454,0.001,0.14647286,0.78353393,1.7135522
7,360000,45,197.45222929936406,-5.2526220522454,0.001,0.14647286,0.78353393,1.7135522
8,360000,45,56.06741573033713,-5.2526220522454,0.001,0.14647286,0.78353393,1.7135522
9,360000,45,54.70989399293229,-5.2526220522454,0.001,0.14647286,0.78353393,1.7135522
10,360000,45,232.63888888889227,-5.2526220522454,0.001,0.14647286,0.78353393,1.7135522
1,400000,50,259.5419847328275,6.213186984492067,0.001,0.12034584,0.85040617,1.8211708
2,400000,50,187.1345029239789,6.213186984492067,0.001,0.12034584,0.85040617,1.8211708
3,400000,50,196.48093841642492,6.213186984492067,0.001,0.12034584,0.85040617,1.8211708
4,400000,50,66.14039735099328,6.213186984492067,0.001,0.12034584,0.85040617,1.8211708
5,400000,50,286.71328671328956,6.213186984492067,0.001,0.12034584,0.85040617,1.8211708
6,400000,50,203.3898305084772,6.213186984492067,0.001,0.12034584,0.85040617,1.8211708
7,400000,50,62.42216117216218,6.213186984492067,0.001,0.12034584,0.85040617,1.8211708
8,400000,50,211.18012422360513,6.213186984492067,0.001,0.12034584,0.85040617,1.8211708
9,400000,50,212.41830065359747,6.213186984492067,0.001,0.12034584,0.85040617,1.8211708
10,400000,50,186.0465116279091,6.213186984492067,0.001,0.12034584,0.85040617,1.8211708
1,440000,55,91.36187050359798,32.19124544284056,0.001,0.06864942,0.9307909,1.9302456
2,440000,55,136.47222222222462,32.19124544284056,0.001,0.06864942,0.9307909,1.9302456
3,440000,55,283.1541218638024,32.19124544284056,0.001,0.06864942,0.9307909,1.9302456
4,440000,55,203.70370370370685,32.19124544284056,0.001,0.06864942,0.9307909,1.9302456
5,440000,55,292.0962199312745,32.19124544284056,0.001,0.06864942,0.9307909,1.9302456
6,440000,55,76.37417582417827,32.19124544284056,0.001,0.06864942,0.9307909,1.9302456
7,440000,55,98.72528089887857,32.19124544284056,0.001,0.06864942,0.9307909,1.9302456
8,440000,55,261.00628930817925,32.19124544284056,0.001,0.06864942,0.9307909,1.9302456
9,440000,55,306.0498220640603,32.19124544284056,0.001,0.06864942,0.9307909,1.9302456
10,440000,55,265.7807308970132,32.19124544284056,0.001,0.06864942,0.9307909,1.9302456
1,480000,60,358.97435897436213,39.88846036220028,0.001,0.045833565,1.0033396,2.052529
2,480000,60,71.48106796116659,39.88846036220028,0.001,0.045833565,1.0033396,2.052529
3,480000,60,88.45166112956925,39.88846036220028,0.001,0.045833565,1.0033396,2.052529
4,480000,60,242.10526315789818,39.88846036220028,0.001,0.045833565,1.0033396,2.052529
5,480000,60,384.8580441640388,39.88846036220028,0.001,0.045833565,1.0033396,2.052529
6,480000,60,354.30463576159275,39.88846036220028,0.001,0.045833565,1.0033396,2.052529
7,480000,60,88.08489208633192,39.88846036220028,0.001,0.045833565,1.0033396,2.052529
8,480000,60,368.4210526315812,39.88846036220028,0.001,0.045833565,1.0033396,2.052529
9,480000,60,96.74444444444589,39.88846036220028,0.001,0.045833565,1.0033396,2.052529
10,480000,60,231.17207792208188,39.88846036220028,0.001,0.045833565,1.0033396,2.052529
1,520992,65,411.1842105263148,55.758098157994944,0.001,0.012750135,1.0989634,2.2106946
2,520992,65,255.44261168384824,55.758098157994944,0.001,0.012750135,1.0989634,2.2106946
3,520992,65,409.6385542168669,55.758098157994944,0.001,0.012750135,1.0989634,2.2106946
4,520992,65,471.22302158272987,55.758098157994944,0.001,0.012750135,1.0989634,2.2106946
5,520992,65,119.30423728813663,55.758098157994944,0.001,0.012750135,1.0989634,2.2106946
6,520992,65,390.5723905723926,55.758098157994944,0.001,0.012750135,1.0989634,2.2106946
7,520992,65,72.0388888888912,55.758098157994944,0.001,0.012750135,1.0989634,2.2106946
8,520992,65,415.28239202657824,55.758098157994944,0.001,0.012750135,1.0989634,2.2106946
9,520992,65,419.67213114754134,55.758098157994944,0.001,0.012750135,1.0989634,2.2106946
10,520992,65,84.9612546125469,55.758098157994944,0.001,0.012750135,1.0989634,2.2106946
1,560992,70,300.33003300330364,67.49312351587929,0.001,-0.0119025735,1.1905541,2.3692253
2,560992,70,322.2591362126284,67.49312351587929,0.001,-0.0119025735,1.1905541,2.3692253
3,560992,70,351.449275362322,67.49312351587929,0.001,-0.0119025735,1.1905541,2.3692253
4,560992,70,234.4833333333364,67.49312351587929,0.001,-0.0119025735,1.1905541,2.3692253
5,560992,70,389.261744966444,67.49312351587929,0.001,-0.0119025735,1.1905541,2.3692253
6,560992,70,330.00000000000404,67.49312351587929,0.001,-0.0119025735,1.1905541,2.3692253
7,560992,70,144.08309352518148,67.49312351587929,0.001,-0.0119025735,1.1905541,2.3692253
8,560992,70,351.91637630662365,67.49312351587929,0.001,-0.0119025735,1.1905541,2.3692253
9,560992,70,283.43949044586316,67.49312351587929,0.001,-0.0119025735,1.1905541,2.3692253
10,560992,70,107.7333333333343,67.49312351587929,0.001,-0.0119025735,1.1905541,2.3692253
1,600992,75,321.3213213213254,88.67608555533359,0.001,-0.046268452,1.2769336,2.5076203
2,600992,75,277.99227799228066,88.67608555533359,0.001,-0.046268452,1.2769336,2.5076203
3,600992,75,85.94774436090353,88.67608555533359,0.001,-0.046268452,1.2769336,2.5076203
4,600992,75,383.11688311688476,88.67608555533359,0.001,-0.046268452,1.2769336,2.5076203
5,600992,75,287.59999999999854,88.67608555533359,0.001,-0.046268452,1.2769336,2.5076203
6,600992,75,114.2194630872504,88.67608555533359,0.001,-0.046268452,1.2769336,2.5076203
7,600992,75,340.42553191489776,88.67608555533359,0.001,-0.046268452,1.2769336,2.5076203
8,600992,75,183.45323741007505,88.67608555533359,0.001,-0.046268452,1.2769336,2.5076203
9,600992,75,327.43362831858747,88.67608555533359,0.001,-0.046268452,1.2769336,2.5076203
10,600992,75,314.38127090301384,88.67608555533359,0.001,-0.046268452,1.2769336,2.5076203
1,640992,80,376.5060240963874,102.43040806735296,0.001,-0.077242754,1.3694683,2.661717
2,640992,80,408.22784810126547,102.43040806735296,0.001,-0.077242754,1.3694683,2.661717
3,640992,80,351.2658227848144,102.43040806735296,0.001,-0.077242754,1.3694683,2.661717
4,640992,80,91.75000000000055,102.43040806735296,0.001,-0.077242754,1.3694683,2.661717
5,640992,80,453.8745387453848,102.43040806735296,0.001,-0.077242754,1.3694683,2.661717
6,640992,80,409.72194244604157,102.43040806735296,0.001,-0.077242754,1.3694683,2.661717
7,640992,80,292.03539823009214,102.43040806735296,0.001,-0.077242754,1.3694683,2.661717
8,640992,80,255.31773049645463,102.43040806735296,0.001,-0.077242754,1.3694683,2.661717
9,640992,80,329.07348242811895,102.43040806735296,0.001,-0.077242754,1.3694683,2.661717
10,640992,80,502.14592274677534,102.43040806735296,0.001,-0.077242754,1.3694683,2.661717
1,680992,85,389.8305084745774,117.82994750905966,0.001,-0.107159786,1.4724593,2.8377836
2,680992,85,357.6923076923108,117.82994750905966,0.001,-0.107159786,1.4724593,2.8377836
3,680992,85,122.9040084388201,117.82994750905966,0.001,-0.107159786,1.4724593,2.8377836
4,680992,85,389.6551724137944,117.82994750905966,0.001,-0.107159786,1.4724593,2.8377836
5,680992,85,384.87972508591196,117.82994750905966,0.001,-0.107159786,1.4724593,2.8377836
6,680992,85,435.4243542435401,117.82994750905966,0.001,-0.107159786,1.4724593,2.8377836
7,680992,85,495.9349593495904,117.82994750905966,0.001,-0.107159786,1.4724593,2.8377836
8,680992,85,386.5814696485637,117.82994750905966,0.001,-0.107159786,1.4724593,2.8377836
9,680992,85,420.28985507246307,117.82994750905966,0.001,-0.107159786,1.4724593,2.8377836
10,680992,85,347.13375796178696,117.82994750905966,0.001,-0.107159786,1.4724593,2.8377836
1,720992,90,396.6101694915259,130.38624717880003,0.001,-0.13593228,1.5686991,3.0014927
2,720992,90,305.50842696628945,130.38624717880003,0.001,-0.13593228,1.5686991,3.0014927
3,720992,90,101.59473684210658,130.38624717880003,0.001,-0.13593228,1.5686991,3.0014927
4,720992,90,375.40453074433793,130.38624717880003,0.001,-0.13593228,1.5686991,3.0014927
5,720992,90,232.160062893085,130.38624717880003,0.001,-0.13593228,1.5686991,3.0014927
6,720992,90,414.96598639455726,130.38624717880003,0.001,-0.13593228,1.5686991,3.0014927
7,720992,90,324.56140350877547,130.38624717880003,0.001,-0.13593228,1.5686991,3.0014927
8,720992,90,249.405555555558,130.38624717880003,0.001,-0.13593228,1.5686991,3.0014927
9,720992,90,185.18988764045253,130.38624717880003,0.001,-0.13593228,1.5686991,3.0014927
10,720992,90,215.13562091503604,130.38624717880003,0.001,-0.13593228,1.5686991,3.0014927
1,760992,95,84.98315018315134,138.89717299773883,0.001,-0.15558651,1.6588485,3.1621382
2,760992,95,112.34664429530373,138.89717299773883,0.001,-0.15558651,1.6588485,3.1621382
3,760992,95,225.24194630872807,138.89717299773883,0.001,-0.15558651,1.6588485,3.1621382
4,760992,95,98.92703180212146,138.89717299773883,0.001,-0.15558651,1.6588485,3.1621382
5,760992,95,327.1671253822672,138.89717299773883,0.001,-0.15558651,1.6588485,3.1621382
6,760992,95,433.21299638988984,138.89717299773883,0.001,-0.15558651,1.6588485,3.1621382
7,760992,95,457.142857142855,138.89717299773883,0.001,-0.15558651,1.6588485,3.1621382
8,760992,95,456.1403508771904,138.89717299773883,0.001,-0.15558651,1.6588485,3.1621382
9,760992,95,350.15772870662795,138.89717299773883,0.001,-0.15558651,1.6588485,3.1621382
10,760992,95,430.18867924528143,138.89717299773883,0.001,-0.15558651,1.6588485,3.1621382
1,800992,100,410.16949152542327,141.1204823417126,0.001,-0.16310868,1.7642322,3.3653855
2,800992,100,330.43478260869955,141.1204823417126,0.001,-0.16310868,1.7642322,3.3653855
3,800992,100,435.4243542435407,141.1204823417126,0.001,-0.16310868,1.7642322,3.3653855
4,800992,100,423.72881355932094,141.1204823417126,0.001,-0.16310868,1.7642322,3.3653855
5,800992,100,50.48888888889093,141.1204823417126,0.001,-0.16310868,1.7642322,3.3653855
6,800992,100,342.4657534246611,141.1204823417126,0.001,-0.16310868,1.7642322,3.3653855
7,800992,100,239.07857142857497,141.1204823417126,0.001,-0.16310868,1.7642322,3.3653855
8,800992,100,425.99277978339074,141.1204823417126,0.001,-0.16310868,1.7642322,3.3653855
9,800992,100,415.49295774647874,141.1204823417126,0.001,-0.16310868,1.7642322,3.3653855
10,800992,100,455.197132616485,141.1204823417126,0.001,-0.16310868,1.7642322,3.3653855
1,840992,105,269.71428571428515,135.05921316169977,0.001,-0.16964805,1.8657224,3.561827
2,840992,105,400.6968641114988,135.05921316169977,0.001,-0.16964805,1.8657224,3.561827
3,840992,105,89.97982456140664,135.05921316169977,0.001,-0.16964805,1.8657224,3.561827
4,840992,105,363.9344262295114,135.05921316169977,0.001,-0.16964805,1.8657224,3.561827
5,840992,105,41.771698113207236,135.05921316169977,0.001,-0.16964805,1.8657224,3.561827
6,840992,105,353.5353535353581,135.05921316169977,0.001,-0.16964805,1.8657224,3.561827
7,840992,105,380.64516129032495,135.05921316169977,0.001,-0.16964805,1.8657224,3.561827
8,840992,105,426.11683848797077,135.05921316169977,0.001,-0.16964805,1.8657224,3.561827
9,840992,105,331.0580204778199,135.05921316169977,0.001,-0.16964805,1.8657224,3.561827
10,840992,105,132.22627986348317,135.05921316169977,0.001,-0.16964805,1.8657224,3.561827
1,880992,110,431.095406360423,133.890618028667,0.001,-0.17395508,1.9677302,3.7615373
2,880992,110,498.2578397212482,133.890618028667,0.001,-0.17395508,1.9677302,3.7615373
3,880992,110,345.34534534535,133.890618028667,0.001,-0.17395508,1.9677302,3.7615373
4,880992,110,359.5166163142034,133.890618028667,0.001,-0.17395508,1.9677302,3.7615373
5,880992,110,445.54455445544187,133.890618028667,0.001,-0.17395508,1.9677302,3.7615373
6,880992,110,395.90443686007,133.890618028667,0.001,-0.17395508,1.9677302,3.7615373
7,880992,110,429.9363057324815,133.890618028667,0.001,-0.17395508,1.9677302,3.7615373
8,880992,110,416.6666666666665,133.890618028667,0.001,-0.17395508,1.9677302,3.7615373
9,880992,110,440.1408450704218,133.890618028667,0.001,-0.17395508,1.9677302,3.7615373
10,880992,110,303.6809815950958,133.890618028667,0.001,-0.17395508,1.9677302,3.7615373
1,920992,115,87.78279742765359,123.6228221682431,0.001,-0.16826262,2.055521,3.9428115
2,920992,115,458.33333333333036,123.6228221682431,0.001,-0.16826262,2.055521,3.9428115
3,920992,115,110.13996539792535,123.6228221682431,0.001,-0.16826262,2.055521,3.9428115
4,920992,115,99.54875444839975,123.6228221682431,0.001,-0.16826262,2.055521,3.9428115
5,920992,115,259.6153846153884,123.6228221682431,0.001,-0.16826262,2.055521,3.9428115
6,920992,115,216.5045454545488,123.6228221682431,0.001,-0.16826262,2.055521,3.9428115
7,920992,115,398.7730061349683,123.6228221682431,0.001,-0.16826262,2.055521,3.9428115
8,920992,115,428.7044776119365,123.6228221682431,0.001,-0.16826262,2.055521,3.9428115
9,920992,115,328.5211604095523,123.6228221682431,0.001,-0.16826262,2.055521,3.9428115
10,920992,115,445.45454545454226,123.6228221682431,0.001,-0.16826262,2.055521,3.9428115
1,960992,120,281.15015974441314,131.4645991396189,0.001,-0.16776784,2.1531363,4.1385374
2,960992,120,369.5652173913065,131.4645991396189,0.001,-0.16776784,2.1531363,4.1385374
3,960992,120,93.34125475285342,131.4645991396189,0.001,-0.16776784,2.1531363,4.1385374
4,960992,120,483.5164835164789,131.4645991396189,0.001,-0.16776784,2.1531363,4.1385374
5,960992,120,407.85498489425845,131.4645991396189,0.001,-0.16776784,2.1531363,4.1385374
6,960992,120,433.333333333332,131.4645991396189,0.001,-0.16776784,2.1531363,4.1385374
7,960992,120,76.93387096774339,131.4645991396189,0.001,-0.16776784,2.1531363,4.1385374
8,960992,120,288.2586206896525,131.4645991396189,0.001,-0.16776784,2.1531363,4.1385374
9,960992,120,418.0602006688949,131.4645991396189,0.001,-0.16776784,2.1531363,4.1385374
10,960992,120,388.51351351351485,131.4645991396189,0.001,-0.16776784,2.1531363,4.1385374
1,1000992,125,97.28220338983195,136.35574084365405,0.001,-0.16928172,2.2282736,4.2873
2,1000992,125,389.83050847457696,136.35574084365405,0.001,-0.16928172,2.2282736,4.2873
3,1000992,125,299.65156794425445,136.35574084365405,0.001,-0.16928172,2.2282736,4.2873
4,1000992,125,395.18900343642673,136.35574084365405,0.001,-0.16928172,2.2282736,4.2873
5,1000992,125,63.846721311476024,136.35574084365405,0.001,-0.16928172,2.2282736,4.2873
6,1000992,125,60.84453376206032,136.35574084365405,0.001,-0.16928172,2.2282736,4.2873
7,1000992,125,102.47186379928438,136.35574084365405,0.001,-0.16928172,2.2282736,4.2873
8,1000992,125,438.16254416960794,136.35574084365405,0.001,-0.16928172,2.2282736,4.2873
9,1000992,125,257.462686567168,136.35574084365405,0.001,-0.16928172,2.2282736,4.2873
10,1000992,125,306.85920577617696,136.35574084365405,0.001,-0.16928172,2.2282736,4.2873
1,1040992,130,232.20973782771915,144.13992192644386,0.001,-0.17112637,2.3055565,4.4400225
2,1040992,130,324.9211356466916,144.13992192644386,0.001,-0.17112637,2.3055565,4.4400225
3,1040992,130,320.3883495145668,144.13992192644386,0.001,-0.17112637,2.3055565,4.4400225
4,1040992,130,436.6666666666635,144.13992192644386,0.001,-0.17112637,2.3055565,4.4400225
5,1040992,130,133.52426900585084,144.13992192644386,0.001,-0.17112637,2.3055565,4.4400225
6,1040992,130,438.87147335423083,144.13992192644386,0.001,-0.17112637,2.3055565,4.4400225
7,1040992,130,445.73643410852696,144.13992192644386,0.001,-0.17112637,2.3055565,4.4400225
8,1040992,130,363.9053254437898,144.13992192644386,0.001,-0.17112637,2.3055565,4.4400225
9,1040992,130,60.494155844159216,144.13992192644386,0.001,-0.17112637,2.3055565,4.4400225
10,1040992,130,386.20689655172515,144.13992192644386,0.001,-0.17112637,2.3055565,4.4400225
1,1080992,135,328.12500000000404,152.91279096801415,0.001,-0.17366567,2.3937552,4.613882
2,1080992,135,86.78902439024556,152.91279096801415,0.001,-0.17366567,2.3937552,4.613882
3,1080992,135,445.57823129251506,152.91279096801415,0.001,-0.17366567,2.3937552,4.613882
4,1080992,135,264.34117647058747,152.91279096801415,0.001,-0.17366567,2.3937552,4.613882
5,1080992,135,335.4838709677453,152.91279096801415,0.001,-0.17366567,2.3937552,4.613882
6,1080992,135,319.4999999999963,152.91279096801415,0.001,-0.17366567,2.3937552,4.613882
7,1080992,135,65.20562700964739,152.91279096801415,0.001,-0.17366567,2.3937552,4.613882
8,1080992,135,449.6644295301994,152.91279096801415,0.001,-0.17366567,2.3937552,4.613882
9,1080992,135,64.07818791946542,152.91279096801415,0.001,-0.17366567,2.3937552,4.613882
10,1080992,135,234.12133757962076,152.91279096801415,0.001,-0.17366567,2.3937552,4.613882
1,1120992,140,445.85987261145976,158.9394860061901,0.001,-0.17996559,2.4729488,4.765971
2,1120992,140,97.31229508196843,158.9394860061901,0.001,-0.17996559,2.4729488,4.765971
3,1120992,140,430.18867924527973,158.9394860061901,0.001,-0.17996559,2.4729488,4.765971
4,1120992,140,89.6645214521469,158.9394860061901,0.001,-0.17996559,2.4729488,4.765971
5,1120992,140,359.7359735973633,158.9394860061901,0.001,-0.17996559,2.4729488,4.765971
6,1120992,140,283.00350877192807,158.9394860061901,0.001,-0.17996559,2.4729488,4.765971
7,1120992,140,56.00168776371518,158.9394860061901,0.001,-0.17996559,2.4729488,4.765971
8,1120992,140,291.666666666671,158.9394860061901,0.001,-0.17996559,2.4729488,4.765971
9,1120992,140,268.4353535353535,158.9394860061901,0.001,-0.17996559,2.4729488,4.765971
10,1120992,140,410.85271317829245,158.9394860061901,0.001,-0.17996559,2.4729488,4.765971
1,1160992,145,183.18318318318669,164.3962484021463,0.001,-0.18401718,2.5392416,4.8945065
2,1160992,145,79.73248175182873,164.3962484021463,0.001,-0.18401718,2.5392416,4.8945065
3,1160992,145,353.47432024169586,164.3962484021463,0.001,-0.18401718,2.5392416,4.8945065
4,1160992,145,527.0758122743636,164.3962484021463,0.001,-0.18401718,2.5392416,4.8945065
5,1160992,145,428.10457516339795,164.3962484021463,0.001,-0.18401718,2.5392416,4.8945065
6,1160992,145,290.2298850574752,164.3962484021463,0.001,-0.18401718,2.5392416,4.8945065
7,1160992,145,465.9498207885242,164.3962484021463,0.001,-0.18401718,2.5392416,4.8945065
8,1160992,145,73.28284671533258,164.3962484021463,0.001,-0.18401718,2.5392416,4.8945065
9,1160992,145,303.4013986013956,164.3962484021463,0.001,-0.18401718,2.5392416,4.8945065
10,1160992,145,323.7179487179528,164.3962484021463,0.001,-0.18401718,2.5392416,4.8945065
1,1200992,150,404.10958904109367,152.77112079552163,0.001,-0.17936161,2.5974488,5.015577
2,1200992,150,216.11721611721995,152.77112079552163,0.001,-0.17936161,2.5974488,5.015577
3,1200992,150,378.7375415282401,152.77112079552163,0.001,-0.17936161,2.5974488,5.015577
4,1200992,150,286.8946308724816,152.77112079552163,0.001,-0.17936161,2.5974488,5.015577
5,1200992,150,137.15502008032314,152.77112079552163,0.001,-0.17936161,2.5974488,5.015577
6,1200992,150,435.48387096774053,152.77112079552163,0.001,-0.17936161,2.5974488,5.015577
7,1200992,150,109.5933070866152,152.77112079552163,0.001,-0.17936161,2.5974488,5.015577
8,1200992,150,280.5280528052843,152.77112079552163,0.001,-0.17936161,2.5974488,5.015577
9,1200992,150,372.23974763407114,152.77112079552163,0.001,-0.17936161,2.5974488,5.015577
10,1200992,150,389.47614840989286,152.77112079552163,0.001,-0.17936161,2.5974488,5.015577
1,1240992,155,342.4242424242463,157.89712847344836,0.001,-0.18051986,2.653369,5.1262603
2,1240992,155,86.8844827586217,157.89712847344836,0.001,-0.18051986,2.653369,5.1262603
3,1240992,155,466.66666666666197,157.89712847344836,0.001,-0.18051986,2.653369,5.1262603
4,1240992,155,402.13523131672355,157.89712847344836,0.001,-0.18051986,2.653369,5.1262603
5,1240992,155,429.629629629627,157.89712847344836,0.001,-0.18051986,2.653369,5.1262603
6,1240992,155,431.9727891156437,157.89712847344836,0.001,-0.18051986,2.653369,5.1262603
7,1240992,155,419.4630872483211,157.89712847344836,0.001,-0.18051986,2.653369,5.1262603
8,1240992,155,393.8461538461551,157.89712847344836,0.001,-0.18051986,2.653369,5.1262603
9,1240992,155,79.41172506738688,157.89712847344836,0.001,-0.18051986,2.653369,5.1262603
10,1240992,155,385.62091503268095,157.89712847344836,0.001,-0.18051986,2.653369,5.1262603
1,1280992,160,94.94473684210733,155.74122196847327,0.001,-0.1758223,2.7248776,5.2739763
2,1280992,160,343.62934362934845,155.74122196847327,0.001,-0.1758223,2.7248776,5.2739763
3,1280992,160,404.18118466898966,155.74122196847327,0.001,-0.1758223,2.7248776,5.2739763
4,1280992,160,449.9999999999973,155.74122196847327,0.001,-0.1758223,2.7248776,5.2739763
5,1280992,160,363.63636363636675,155.74122196847327,0.001,-0.1758223,2.7248776,5.2739763
6,1280992,160,303.405572755422,155.74122196847327,0.001,-0.1758223,2.7248776,5.2739763
7,1280992,160,268.67605633802845,155.74122196847327,0.001,-0.1758223,2.7248776,5.2739763
8,1280992,160,193.69123711340427,155.74122196847327,0.001,-0.1758223,2.7248776,5.2739763
9,1280992,160,400.00000000000006,155.74122196847327,0.001,-0.1758223,2.7248776,5.2739763
10,1280992,160,351.5358361774788,155.74122196847327,0.001,-0.1758223,2.7248776,5.2739763
1,1320992,165,391.4373088685034,161.2034586746923,0.001,-0.17720497,2.792541,5.407922
2,1320992,165,469.6969696969655,161.2034586746923,0.001,-0.17720497,2.792541,5.407922
3,1320992,165,368.58974358974564,161.2034586746923,0.001,-0.17720497,2.792541,5.407922
4,1320992,165,72.10433212996645,161.2034586746923,0.001,-0.17720497,2.792541,5.407922
5,1320992,165,298.9323843416414,161.2034586746923,0.001,-0.17720497,2.792541,5.407922
6,1320992,165,330.15551330798166,161.2034586746923,0.001,-0.17720497,2.792541,5.407922
7,1320992,165,359.51661631420075,161.2034586746923,0.001,-0.17720497,2.792541,5.407922
8,1320992,165,496.24060150375385,161.2034586746923,0.001,-0.17720497,2.792541,5.407922
9,1320992,165,375.4385964912269,161.2034586746923,0.001,-0.17720497,2.792541,5.407922
10,1320992,165,112.740909090912,161.2034586746923,0.001,-0.17720497,2.792541,5.407922
1,1360992,170,395.3488372093032,174.08641584622669,0.001,-0.1839652,2.8489408,5.5139623
2,1360992,170,455.51601423487284,174.08641584622669,0.001,-0.1839652,2.8489408,5.5139623
3,1360992,170,331.1258278145731,174.08641584622669,0.001,-0.1839652,2.8489408,5.5139623
4,1360992,170,426.66666666666697,174.08641584622669,0.001,-0.1839652,2.8489408,5.5139623
5,1360992,170,398.6013986013966,174.08641584622669,0.001,-0.1839652,2.8489408,5.5139623
6,1360992,170,170.8859223301003,174.08641584622669,0.001,-0.1839652,2.8489408,5.5139623
7,1360992,170,444.866920152088,174.08641584622669,0.001,-0.1839652,2.8489408,5.5139623
8,1360992,170,445.2296819787964,174.08641584622669,0.001,-0.1839652,2.8489408,5.5139623
9,1360992,170,434.4827586206883,174.08641584622669,0.001,-0.1839652,2.8489408,5.5139623
10,1360992,170,280.4054054054093,174.08641584622669,0.001,-0.1839652,2.8489408,5.5139623
1,1400973,175,420.8754208754205,179.27494567182526,0.001,-0.18563613,2.8998795,5.6141696
2,1400973,175,341.69278996865603,179.27494567182526,0.001,-0.18563613,2.8998795,5.6141696
3,1400973,175,446.9696969696938,179.27494567182526,0.001,-0.18563613,2.8998795,5.6141696
4,1400973,175,397.21254355400436,179.27494567182526,0.001,-0.18563613,2.8998795,5.6141696
5,1400973,175,287.79924812029924,179.27494567182526,0.001,-0.18563613,2.8998795,5.6141696
6,1400973,175,397.99331103678907,179.27494567182526,0.001,-0.18563613,2.8998795,5.6141696
7,1400973,175,430.42071197410746,179.27494567182526,0.001,-0.18563613,2.8998795,5.6141696
8,1400973,175,368.25396825396876,179.27494567182526,0.001,-0.18563613,2.8998795,5.6141696
9,1400973,175,404.9295774647891,179.27494567182526,0.001,-0.18563613,2.8998795,5.6141696
10,1400973,175,363.63636363636664,179.27494567182526,0.001,-0.18563613,2.8998795,5.6141696
1,1440973,180,459.64912280701395,184.26668310482464,0.001,-0.18998848,2.9503012,5.7106614
2,1440973,180,403.22580645161287,184.26668310482464,0.001,-0.18998848,2.9503012,5.7106614
3,1440973,180,382.97872340425727,184.26668310482464,0.001,-0.18998848,2.9503012,5.7106614
4,1440973,180,372.2397476340718,184.26668310482464,0.001,-0.18998848,2.9503012,5.7106614
5,1440973,180,377.7089783281752,184.26668310482464,0.001,-0.18998848,2.9503012,5.7106614
6,1440973,180,401.40845070422614,184.26668310482464,0.001,-0.18998848,2.9503012,5.7106614
7,1440973,180,364.58333333333655,184.26668310482464,0.001,-0.18998848,2.9503012,5.7106614
8,1440973,180,277.7777777777817,184.26668310482464,0.001,-0.18998848,2.9503012,5.7106614
9,1440973,180,343.8596491228101,184.26668310482464,0.001,-0.18998848,2.9503012,5.7106614
10,1440973,180,325.80645161290636,184.26668310482464,0.001,-0.18998848,2.9503012,5.7106614
1,1480973,185,256.3596491228066,182.42101040508297,0.001,-0.18827175,2.9883726,5.7885222
2,1480973,185,443.60902255638706,182.42101040508297,0.001,-0.18827175,2.9883726,5.7885222
3,1480973,185,415.8730158730145,182.42101040508297,0.001,-0.18827175,2.9883726,5.7885222
4,1480973,185,265.3626760563383,182.42101040508297,0.001,-0.18827175,2.9883726,5.7885222
5,1480973,185,428.57142857142674,182.42101040508297,0.001,-0.18827175,2.9883726,5.7885222
6,1480973,185,361.7747440273074,182.42101040508297,0.001,-0.18827175,2.9883726,5.7885222
7,1480973,185,459.64912280701003,182.42101040508297,0.001,-0.18827175,2.9883726,5.7885222
8,1480973,185,394.82200647249397,182.42101040508297,0.001,-0.18827175,2.9883726,5.7885222
9,1480973,185,403.3898305084737,182.42101040508297,0.001,-0.18827175,2.9883726,5.7885222
10,1480973,185,419.01408450704247,182.42101040508297,0.001,-0.18827175,2.9883726,5.7885222
1,1520973,190,309.4462540716651,187.99814600370567,0.001,-0.18946059,3.0357425,5.882075
2,1520973,190,482.0143884892035,187.99814600370567,0.001,-0.18946059,3.0357425,5.882075
3,1520973,190,408.2278481012646,187.99814600370567,0.001,-0.18946059,3.0357425,5.882075
4,1520973,190,306.12244897959516,187.99814600370567,0.001,-0.18946059,3.0357425,5.882075
5,1520973,190,346.9387755102076,187.99814600370567,0.001,-0.18946059,3.0357425,5.882075
6,1520973,190,175.43859649123192,187.99814600370567,0.001,-0.18946059,3.0357425,5.882075
7,1520973,190,294.49838187702653,187.99814600370567,0.001,-0.18946059,3.0357425,5.882075
8,1520973,190,433.8235294117609,187.99814600370567,0.001,-0.18946059,3.0357425,5.882075
9,1520973,190,406.14334470989525,187.99814600370567,0.001,-0.18946059,3.0357425,5.882075
10,1520973,190,324.67532467532845,187.99814600370567,0.001,-0.18946059,3.0357425,5.882075
1,1560973,195,437.27598566308046,187.48336603443434,0.001,-0.18853803,3.0794668,5.9704466
2,1560973,195,291.1999999999969,187.48336603443434,0.001,-0.18853803,3.0794668,5.9704466
3,1560973,195,418.36734693877315,187.48336603443434,0.001,-0.18853803,3.0794668,5.9704466
4,1560973,195,111.64569892473368,187.48336603443434,0.001,-0.18853803,3.0794668,5.9704466
5,1560973,195,287.5816993464091,187.48336603443434,0.001,-0.18853803,3.0794668,5.9704466
6,1560973,195,432.83582089551686,187.48336603443434,0.001,-0.18853803,3.0794668,5.9704466
7,1560973,195,385.8520900321545,187.48336603443434,0.001,-0.18853803,3.0794668,5.9704466
8,1560973,195,335.5704697986612,187.48336603443434,0.001,-0.18853803,3.0794668,5.9704466
9,1560973,195,413.42756183745394,187.48336603443434,0.001,-0.18853803,3.0794668,5.9704466
10,1560973,195,352.2012578616393,187.48336603443434,0.001,-0.18853803,3.0794668,5.9704466
1,1600973,200,105.1456989247341,191.788189857388,0.001,-0.18692145,3.1224933,6.0581164
2,1600973,200,289.38906752411947,191.788189857388,0.001,-0.18692145,3.1224933,6.0581164
3,1600973,200,100.2496503496513,191.788189857388,0.001,-0.18692145,3.1224933,6.0581164
4,1600973,200,355.55555555555895,191.788189857388,0.001,-0.18692145,3.1224933,6.0581164
5,1600973,200,303.125000000004,191.788189857388,0.001,-0.18692145,3.1224933,6.0581164
6,1600973,200,282.85714285714687,191.788189857388,0.001,-0.18692145,3.1224933,6.0581164
7,1600973,200,354.9382716049426,191.788189857388,0.001,-0.18692145,3.1224933,6.0581164
8,1600973,200,415.84158415841506,191.788189857388,0.001,-0.18692145,3.1224933,6.0581164
9,1600973,200,469.79865771811734,191.788189857388,0.001,-0.18692145,3.1224933,6.0581164
10,1600973,200,422.44224422442187,191.788189857388,0.001,-0.18692145,3.1224933,6.0581164
1,1640973,205,56.071217712179134,194.7583235375139,0.001,-0.18534738,3.1636405,6.1419864
2,1640973,205,270.14297658862955,194.7583235375139,0.001,-0.18534738,3.1636405,6.1419864
3,1640973,205,222.56461794020345,194.7583235375139,0.001,-0.18534738,3.1636405,6.1419864
4,1640973,205,275.95628415300934,194.7583235375139,0.001,-0.18534738,3.1636405,6.1419864
5,1640973,205,489.1304347826041,194.7583235375139,0.001,-0.18534738,3.1636405,6.1419864
6,1640973,205,398.64864864864876,194.7583235375139,0.001,-0.18534738,3.1636405,6.1419864
7,1640973,205,367.5496688741746,194.7583235375139,0.001,-0.18534738,3.1636405,6.1419864
8,1640973,205,256.3325878594257,194.7583235375139,0.001,-0.18534738,3.1636405,6.1419864
9,1640973,205,442.3791821561328,194.7583235375139,0.001,-0.18534738,3.1636405,6.1419864
10,1640973,205,176.8488745980749,194.7583235375139,0.001,-0.18534738,3.1636405,6.1419864
1,1680973,210,96.88233082707082,187.8448524964371,0.001,-0.17705478,3.2059727,6.234945
2,1680973,210,383.0508474576283,187.8448524964371,0.001,-0.17705478,3.2059727,6.234945
3,1680973,210,395.1048951048945,187.8448524964371,0.001,-0.17705478,3.2059727,6.234945
4,1680973,210,152.7976190476223,187.8448524964371,0.001,-0.17705478,3.2059727,6.234945
5,1680973,210,408.73015873016067,187.8448524964371,0.001,-0.17705478,3.2059727,6.234945
6,1680973,210,264.4067796610208,187.8448524964371,0.001,-0.17705478,3.2059727,6.234945
7,1680973,210,391.0034602076152,187.8448524964371,0.001,-0.17705478,3.2059727,6.234945
8,1680973,210,419.14191419141633,187.8448524964371,0.001,-0.17705478,3.2059727,6.234945
9,1680973,210,187.8965753424691,187.8448524964371,0.001,-0.17705478,3.2059727,6.234945
10,1680973,210,482.75862068964994,187.8448524964371,0.001,-0.17705478,3.2059727,6.234945
1,1720973,215,249.21135646688046,185.19701070630205,0.001,-0.17231427,3.2387245,6.305188
2,1720973,215,443.22344322344117,185.19701070630205,0.001,-0.17231427,3.2387245,6.305188
3,1720973,215,340.425531914898,185.19701070630205,0.001,-0.17231427,3.2387245,6.305188
4,1720973,215,280.2768166089999,185.19701070630205,0.001,-0.17231427,3.2387245,6.305188
5,1720973,215,400.6849315068491,185.19701070630205,0.001,-0.17231427,3.2387245,6.305188
6,1720973,215,255.47445255474878,185.19701070630205,0.001,-0.17231427,3.2387245,6.305188
7,1720973,215,404.7619047619021,185.19701070630205,0.001,-0.17231427,3.2387245,6.305188
8,1720973,215,386.36363636363757,185.19701070630205,0.001,-0.17231427,3.2387245,6.305188
9,1720973,215,78.30588235294434,185.19701070630205,0.001,-0.17231427,3.2387245,6.305188
10,1720973,215,75.81769547325344,185.19701070630205,0.001,-0.17231427,3.2387245,6.305188
1,1760973,220,492.3664122137359,183.09073450479104,0.001,-0.16610655,3.2757943,6.3855367
2,1760973,220,368.58974358974547,183.09073450479104,0.001,-0.16610655,3.2757943,6.3855367
3,1760973,220,338.65814696486007,183.09073450479104,0.001,-0.16610655,3.2757943,6.3855367
4,1760973,220,361.9047619047641,183.09073450479104,0.001,-0.16610655,3.2757943,6.3855367
5,1760973,220,56.08832116788419,183.09073450479104,0.001,-0.16610655,3.2757943,6.3855367
6,1760973,220,326.4705882352973,183.09073450479104,0.001,-0.16610655,3.2757943,6.3855367
7,1760973,220,427.5362318840571,183.09073450479104,0.001,-0.16610655,3.2757943,6.3855367
8,1760973,220,411.5523465703957,183.09073450479104,0.001,-0.16610655,3.2757943,6.3855367
9,1760973,220,339.6226415094378,183.09073450479104,0.001,-0.16610655,3.2757943,6.3855367
10,1760973,220,391.14391143911547,183.09073450479104,0.001,-0.16610655,3.2757943,6.3855367
1,1800973,225,294.49838187702585,189.54746845441775,0.001,-0.16286126,3.3016,6.4403944
2,1800973,225,379.8449612403117,189.54746845441775,0.001,-0.16286126,3.3016,6.4403944
3,1800973,225,358.36177474403036,189.54746845441775,0.001,-0.16286126,3.3016,6.4403944
4,1800973,225,232.02614379085324,189.54746845441775,0.001,-0.16286126,3.3016,6.4403944
5,1800973,225,173.22269624573627,189.54746845441775,0.001,-0.16286126,3.3016,6.4403944
6,1800973,225,329.74910394265544,189.54746845441775,0.001,-0.16286126,3.3016,6.4403944
7,1800973,225,305.92105263158174,189.54746845441775,0.001,-0.16286126,3.3016,6.4403944
8,1800973,225,242.51497005988304,189.54746845441775,0.001,-0.16286126,3.3016,6.4403944
9,1800973,225,427.4809160305324,189.54746845441775,0.001,-0.16286126,3.3016,6.4403944
10,1800973,225,332.23684210526596,189.54746845441775,0.001,-0.16286126,3.3016,6.4403944
1,1840973,230,95.17777777777923,189.71680456622278,0.001,-0.15872023,3.324279,6.489895
2,1840973,230,315.5737704918073,189.71680456622278,0.001,-0.15872023,3.324279,6.489895
3,1840973,230,238.99371069182718,189.71680456622278,0.001,-0.15872023,3.324279,6.489895
4,1840973,230,345.45454545454834,189.71680456622278,0.001,-0.15872023,3.324279,6.489895
5,1840973,230,185.75851393189168,189.71680456622278,0.001,-0.15872023,3.324279,6.489895
6,1840973,230,310.81081081081453,189.71680456622278,0.001,-0.15872023,3.324279,6.489895
7,1840973,230,268.04123711340486,189.71680456622278,0.001,-0.15872023,3.324279,6.489895
8,1840973,230,354.08560311284293,189.71680456622278,0.001,-0.15872023,3.324279,6.489895
9,1840973,230,248.40764331210536,189.71680456622278,0.001,-0.15872023,3.324279,6.489895
10,1840973,230,341.05960264900955,189.71680456622278,0.001,-0.15872023,3.324279,6.489895
1,1880973,235,72.31807228915748,190.77225567197326,0.001,-0.15706332,3.3459077,6.53481
2,1880973,235,347.8260869565254,190.77225567197326,0.001,-0.15706332,3.3459077,6.53481
3,1880973,235,320.5574912892017,190.77225567197326,0.001,-0.15706332,3.3459077,6.53481
4,1880973,235,375.0000000000011,190.77225567197326,0.001,-0.15706332,3.3459077,6.53481
5,1880973,235,338.5579937304109,190.77225567197326,0.001,-0.15706332,3.3459077,6.53481
6,1880973,235,331.1475409836099,190.77225567197326,0.001,-0.15706332,3.3459077,6.53481
7,1880973,235,426.8774703557288,190.77225567197326,0.001,-0.15706332,3.3459077,6.53481
8,1880973,235,400.7352941176472,190.77225567197326,0.001,-0.15706332,3.3459077,6.53481
9,1880973,235,333.333333333336,190.77225567197326,0.001,-0.15706332,3.3459077,6.53481
10,1880973,235,245.42124542124867,190.77225567197326,0.001,-0.15706332,3.3459077,6.53481
1,1920973,240,309.09090909091174,189.21857398492253,0.001,-0.15291364,3.363716,6.5745764
2,1920973,240,355.9322033898335,189.21857398492253,0.001,-0.15291364,3.363716,6.5745764
3,1920973,240,304.19580419580757,189.21857398492253,0.001,-0.15291364,3.363716,6.5745764
4,1920973,240,334.4709897610951,189.21857398492253,0.001,-0.15291364,3.363716,6.5745764
5,1920973,240,291.7933130699119,189.21857398492253,0.001,-0.15291364,3.363716,6.5745764
6,1920973,240,241.0714285714313,189.21857398492253,0.001,-0.15291364,3.363716,6.5745764
7,1920973,240,247.14828897338705,189.21857398492253,0.001,-0.15291364,3.363716,6.5745764
8,1920973,240,336.73469387755324,189.21857398492253,0.001,-0.15291364,3.363716,6.5745764
9,1920973,240,367.8929765886316,189.21857398492253,0.001,-0.15291364,3.363716,6.5745764
10,1920973,240,359.3220338983078,189.21857398492253,0.001,-0.15291364,3.363716,6.5745764
1,1960973,245,469.23076923076616,193.83718917348082,0.001,-0.15202,3.3805406,6.60912
2,1960973,245,332.2981366459661,193.83718917348082,0.001,-0.15202,3.3805406,6.60912
3,1960973,245,293.92971246006744,193.83718917348082,0.001,-0.15202,3.3805406,6.60912
4,1960973,245,367.9245283018887,193.83718917348082,0.001,-0.15202,3.3805406,6.60912
5,1960973,245,56.0471380471387,193.83718917348082,0.001,-0.15202,3.3805406,6.60912
6,1960973,245,389.57055214724016,193.83718917348082,0.001,-0.15202,3.3805406,6.60912
7,1960973,245,320.9459459459493,193.83718917348082,0.001,-0.15202,3.3805406,6.60912
8,1960973,245,288.4615384615404,193.83718917348082,0.001,-0.15202,3.3805406,6.60912
9,1960973,245,301.28205128205445,193.83718917348082,0.001,-0.15202,3.3805406,6.60912
10,1960973,245,345.3237410071973,193.83718917348082,0.001,-0.15202,3.3805406,6.60912
1,2000973,250,374.6130030959751,189.39604939971736,0.001,-0.14666672,3.4024584,6.65831
2,2000973,250,467.47967479674463,189.39604939971736,0.001,-0.14666672,3.4024584,6.65831
3,2000973,250,410.25641025641,189.39604939971736,0.001,-0.14666672,3.4024584,6.65831
4,2000973,250,485.5072463768072,189.39604939971736,0.001,-0.14666672,3.4024584,6.65831
5,2000973,250,350.8771929824593,189.39604939971736,0.001,-0.14666672,3.4024584,6.65831
6,2000973,250,231.5976510067142,189.39604939971736,0.001,-0.14666672,3.4024584,6.65831
7,2000973,250,329.58801498127684,189.39604939971736,0.001,-0.14666672,3.4024584,6.65831
8,2000973,250,452.29681978798374,189.39604939971736,0.001,-0.14666672,3.4024584,6.65831
9,2000973,250,322.08588957055497,189.39604939971736,0.001,-0.14666672,3.4024584,6.65831
10,2000973,250,376.3066202090615,189.39604939971736,0.001,-0.14666672,3.4024584,6.65831
1,2040973,255,459.9999999999977,194.15866747263635,0.001,-0.14642921,3.4327762,6.719184
2,2040973,255,487.972508591062,194.15866747263635,0.001,-0.14642921,3.4327762,6.719184
3,2040973,255,272.0588235294159,194.15866747263635,0.001,-0.14642921,3.4327762,6.719184
4,2040973,255,384.61538461538544,194.15866747263635,0.001,-0.14642921,3.4327762,6.719184
5,2040973,255,404.6822742474931,194.15866747263635,0.001,-0.14642921,3.4327762,6.719184
6,2040973,255,412.81138790035715,194.15866747263635,0.001,-0.14642921,3.4327762,6.719184
7,2040973,255,358.66261398176624,194.15866747263635,0.001,-0.14642921,3.4327762,6.719184
8,2040973,255,348.34834834835294,194.15866747263635,0.001,-0.14642921,3.4327762,6.719184
9,2040973,255,271.6363636363636,194.15866747263635,0.001,-0.14642921,3.4327762,6.719184
10,2040973,255,76.60314685314867,194.15866747263635,0.001,-0.14642921,3.4327762,6.719184
1,2080973,260,240.66643835616762,196.1749186115966,0.001,-0.1438461,3.462374,6.7809625
2,2080973,260,422.2972972972971,196.1749186115966,0.001,-0.1438461,3.462374,6.7809625
3,2080973,260,385.1590106007085,196.1749186115966,0.001,-0.1438461,3.462374,6.7809625
4,2080973,260,384.36482084690743,196.1749186115966,0.001,-0.1438461,3.462374,6.7809625
5,2080973,260,523.8095238095192,196.1749186115966,0.001,-0.1438461,3.462374,6.7809625
6,2080973,260,526.1324041811782,196.1749186115966,0.001,-0.1438461,3.462374,6.7809625
7,2080973,260,446.7353951890031,196.1749186115966,0.001,-0.1438461,3.462374,6.7809625
8,2080973,260,605.9322033898229,196.1749186115966,0.001,-0.1438461,3.462374,6.7809625
9,2080973,260,468.0851063829758,196.1749186115966,0.001,-0.1438461,3.462374,6.7809625
10,2080973,260,549.8281786941533,196.1749186115966,0.001,-0.1438461,3.462374,6.7809625
1,2120973,265,479.8657718120763,194.066003965304,0.001,-0.14025873,3.4984155,6.856634
2,2120973,265,499.99999999999505,194.066003965304,0.001,-0.14025873,3.4984155,6.856634
3,2120973,265,291.52542372881766,194.066003965304,0.001,-0.14025873,3.4984155,6.856634
4,2120973,265,107.61033057851344,194.066003965304,0.001,-0.14025873,3.4984155,6.856634
5,2120973,265,362.6760456273706,194.066003965304,0.001,-0.14025873,3.4984155,6.856634
6,2120973,265,505.4945054945009,194.066003965304,0.001,-0.14025873,3.4984155,6.856634
7,2120973,265,470.58823529411467,194.066003965304,0.001,-0.14025873,3.4984155,6.856634
8,2120973,265,424.52830188679,194.066003965304,0.001,-0.14025873,3.4984155,6.856634
9,2120973,265,558.490566037731,194.066003965304,0.001,-0.14025873,3.4984155,6.856634
10,2120973,265,359.73597359736294,194.066003965304,0.001,-0.14025873,3.4984155,6.856634
1,2160973,270,236.53834951456622,193.94653017527054,0.001,-0.13746032,3.5317914,6.926184
2,2160973,270,117.86111111111279,193.94653017527054,0.001,-0.13746032,3.5317914,6.926184
3,2160973,270,531.1355311355258,193.94653017527054,0.001,-0.13746032,3.5317914,6.926184
4,2160973,270,445.57823129251574,193.94653017527054,0.001,-0.13746032,3.5317914,6.926184
5,2160973,270,277.69056603773475,193.94653017527054,0.001,-0.13746032,3.5317914,6.926184
6,2160973,270,477.6632302405426,193.94653017527054,0.001,-0.13746032,3.5317914,6.926184
7,2160973,270,422.1453287197201,193.94653017527054,0.001,-0.13746032,3.5317914,6.926184
8,2160973,270,447.5308641975282,193.94653017527054,0.001,-0.13746032,3.5317914,6.926184
9,2160973,270,523.2974910394199,193.94653017527054,0.001,-0.13746032,3.5317914,6.926184
10,2160973,270,508.47457627118087,193.94653017527054,0.001,-0.13746032,3.5317914,6.926184
1,2200973,275,79.01122448979763,188.39216091950362,0.001,-0.129452,3.5587313,6.9880733
2,2200973,275,324.50331125828177,188.39216091950362,0.001,-0.129452,3.5587313,6.9880733
3,2200973,275,169.3546925566369,188.39216091950362,0.001,-0.129452,3.5587313,6.9880733
4,2200973,275,214.39230769231077,188.39216091950362,0.001,-0.129452,3.5587313,6.9880733
5,2200973,275,363.6363636363672,188.39216091950362,0.001,-0.129452,3.5587313,6.9880733
6,2200973,275,329.1925465838546,188.39216091950362,0.001,-0.129452,3.5587313,6.9880733
7,2200973,275,454.2253521126725,188.39216091950362,0.001,-0.129452,3.5587313,6.9880733
8,2200973,275,399.999999999999,188.39216091950362,0.001,-0.129452,3.5587313,6.9880733
9,2200973,275,290.39372693726807,188.39216091950362,0.001,-0.129452,3.5587313,6.9880733
10,2200973,275,461.2244897959146,188.39216091950362,0.001,-0.129452,3.5587313,6.9880733
1,2240973,280,344.594594594599,190.82007887679006,0.001,-0.12760624,3.5844169,7.0412903
2,2240973,280,338.36858006042684,190.82007887679006,0.001,-0.12760624,3.5844169,7.0412903
3,2240973,280,102.1115384615403,190.82007887679006,0.001,-0.12760624,3.5844169,7.0412903
4,2240973,280,453.02013422818476,190.82007887679006,0.001,-0.12760624,3.5844169,7.0412903
5,2240973,280,273.356401384087,190.82007887679006,0.001,-0.12760624,3.5844169,7.0412903
6,2240973,280,423.357664233574,190.82007887679006,0.001,-0.12760624,3.5844169,7.0412903
7,2240973,280,453.02013422818493,190.82007887679006,0.001,-0.12760624,3.5844169,7.0412903
8,2240973,280,275.1971830985915,190.82007887679006,0.001,-0.12760624,3.5844169,7.0412903
9,2240973,280,470.1492537313396,190.82007887679006,0.001,-0.12760624,3.5844169,7.0412903
10,2240973,280,438.16254416961056,190.82007887679006,0.001,-0.12760624,3.5844169,7.0412903
1,2280973,285,305.29595015576746,192.13735396626012,0.001,-0.123093575,3.6119466,7.1008635
2,2280973,285,457.33788395904054,192.13735396626012,0.001,-0.123093575,3.6119466,7.1008635
3,2280973,285,459.9303135888466,192.13735396626012,0.001,-0.123093575,3.6119466,7.1008635
4,2280973,285,557.3770491803186,192.13735396626012,0.001,-0.123093575,3.6119466,7.1008635
5,2280973,285,445.69288389513093,192.13735396626012,0.001,-0.123093575,3.6119466,7.1008635
6,2280973,285,432.0557491289184,192.13735396626012,0.001,-0.123093575,3.6119466,7.1008635
7,2280973,285,378.9808917197465,192.13735396626012,0.001,-0.123093575,3.6119466,7.1008635
8,2280973,285,498.0988593155838,192.13735396626012,0.001,-0.123093575,3.6119466,7.1008635
9,2280973,285,399.37106918238993,192.13735396626012,0.001,-0.123093575,3.6119466,7.1008635
10,2280973,285,429.5081967213099,192.13735396626012,0.001,-0.123093575,3.6119466,7.1008635
1,2320973,290,455.1495016611246,188.95859808704546,0.001,-0.11640865,3.6396422,7.1629405
2,2320973,290,481.7518248175145,188.95859808704546,0.001,-0.11640865,3.6396422,7.1629405
3,2320973,290,331.1688311688359,188.95859808704546,0.001,-0.11640865,3.6396422,7.1629405
4,2320973,290,440.97222222221944,188.95859808704546,0.001,-0.11640865,3.6396422,7.1629405
5,2320973,290,353.14685314685715,188.95859808704546,0.001,-0.11640865,3.6396422,7.1629405
6,2320973,290,197.41100323624997,188.95859808704546,0.001,-0.11640865,3.6396422,7.1629405
7,2320973,290,357.57575757576166,188.95859808704546,0.001,-0.11640865,3.6396422,7.1629405
8,2320973,290,385.8024691358025,188.95859808704546,0.001,-0.11640865,3.6396422,7.1629405
9,2320973,290,257.8454545454533,188.95859808704546,0.001,-0.11640865,3.6396422,7.1629405
10,2320973,290,356.2500000000042,188.95859808704546,0.001,-0.11640865,3.6396422,7.1629405
1,2360973,295,429.96742671009576,196.61938574521918,0.001,-0.11409479,3.6639347,7.213839
2,2360973,295,421.4559386973165,196.61938574521918,0.001,-0.11409479,3.6639347,7.213839
3,2360973,295,126.15541516245604,196.61938574521918,0.001,-0.11409479,3.6639347,7.213839
4,2360973,295,468.96551724137527,196.61938574521918,0.001,-0.11409479,3.6639347,7.213839
5,2360973,295,406.2499999999991,196.61938574521918,0.001,-0.11409479,3.6639347,7.213839
6,2360973,295,349.2823151125442,196.61938574521918,0.001,-0.11409479,3.6639347,7.213839
7,2360973,295,473.1543624161056,196.61938574521918,0.001,-0.11409479,3.6639347,7.213839
8,2360973,295,470.58823529411495,196.61938574521918,0.001,-0.11409479,3.6639347,7.213839
9,2360973,295,107.45555555555653,196.61938574521918,0.001,-0.11409479,3.6639347,7.213839
10,2360973,295,276.33220338982943,196.61938574521918,0.001,-0.11409479,3.6639347,7.213839
1,2400973,300,521.7391304347775,203.82672199539604,0.001,-0.11433768,3.684982,7.25569
2,2400973,300,519.9999999999916,203.82672199539604,0.001,-0.11433768,3.684982,7.25569
3,2400973,300,436.0655737704896,203.82672199539604,0.001,-0.11433768,3.684982,7.25569
4,2400973,300,512.6353790613656,203.82672199539604,0.001,-0.11433768,3.684982,7.25569
5,2400973,300,309.85915492958213,203.82672199539604,0.001,-0.11433768,3.684982,7.25569
6,2400973,300,578.5123966942085,203.82672199539604,0.001,-0.11433768,3.684982,7.25569
7,2400973,300,498.1949458483701,203.82672199539604,0.001,-0.11433768,3.684982,7.25569
8,2400973,300,482.0143884892046,203.82672199539604,0.001,-0.11433768,3.684982,7.25569
9,2400973,300,105.48201438849023,203.82672199539604,0.001,-0.11433768,3.684982,7.25569
10,2400973,300,446.3087248322108,203.82672199539604,0.001,-0.11433768,3.684982,7.25569
1,2440621,305,312.03007518797483,206.01597315854818,0.001,-0.11285391,3.708248,7.3037076
2,2440621,305,333.3333333333376,206.01597315854818,0.001,-0.11285391,3.708248,7.3037076
3,2440621,305,539.6226415094256,206.01597315854818,0.001,-0.11285391,3.708248,7.3037076
4,2440621,305,505.1546391752533,206.01597315854818,0.001,-0.11285391,3.708248,7.3037076
5,2440621,305,384.3283582089557,206.01597315854818,0.001,-0.11285391,3.708248,7.3037076
6,2440621,305,452.96167247386256,206.01597315854818,0.001,-0.11285391,3.708248,7.3037076
7,2440621,305,105.6202127659582,206.01597315854818,0.001,-0.11285391,3.708248,7.3037076
8,2440621,305,580.5243445692792,206.01597315854818,0.001,-0.11285391,3.708248,7.3037076
9,2440621,305,117.94615384615483,206.01597315854818,0.001,-0.11285391,3.708248,7.3037076
10,2440621,305,341.93548387097167,206.01597315854818,0.001,-0.11285391,3.708248,7.3037076
1,2480594,310,435.0877192982412,212.81758360875526,0.001,-0.1130992,3.7342167,7.3554
2,2480594,310,421.81818181818016,212.81758360875526,0.001,-0.1130992,3.7342167,7.3554
3,2480594,310,503.4965034964989,212.81758360875526,0.001,-0.1130992,3.7342167,7.3554
4,2480594,310,444.0433212996371,212.81758360875526,0.001,-0.1130992,3.7342167,7.3554
5,2480594,310,450.1607717041771,212.81758360875526,0.001,-0.1130992,3.7342167,7.3554
6,2480594,310,509.65250965250476,212.81758360875526,0.001,-0.1130992,3.7342167,7.3554
7,2480594,310,334.02208201892233,212.81758360875526,0.001,-0.1130992,3.7342167,7.3554
8,2480594,310,510.20408163264557,212.81758360875526,0.001,-0.1130992,3.7342167,7.3554
9,2480594,310,499.99999999999693,212.81758360875526,0.001,-0.1130992,3.7342167,7.3554
10,2480594,310,529.6296296296239,212.81758360875526,0.001,-0.1130992,3.7342167,7.3554
1,2520594,315,220.33888888889217,214.64360094217926,0.001,-0.111422524,3.7582295,7.4051027
2,2520594,315,81.50777385159081,214.64360094217926,0.001,-0.111422524,3.7582295,7.4051027
3,2520594,315,102.50826771653628,214.64360094217926,0.001,-0.111422524,3.7582295,7.4051027
4,2520594,315,537.0370370370294,214.64360094217926,0.001,-0.111422524,3.7582295,7.4051027
5,2520594,315,504.8859934853377,214.64360094217926,0.001,-0.111422524,3.7582295,7.4051027
6,2520594,315,537.5939849624001,214.64360094217926,0.001,-0.111422524,3.7582295,7.4051027
7,2520594,315,85.63111888111956,214.64360094217926,0.001,-0.111422524,3.7582295,7.4051027
8,2520594,315,407.40740740740756,214.64360094217926,0.001,-0.111422524,3.7582295,7.4051027
9,2520594,315,520.1342281879122,214.64360094217926,0.001,-0.111422524,3.7582295,7.4051027
10,2520594,315,95.97140221402367,214.64360094217926,0.001,-0.111422524,3.7582295,7.4051027
1,2560143,320,520.4918032786813,192.34013248816157,0.001,-0.10268452,3.7947235,7.486829
2,2560143,320,109.35958904109727,192.34013248816157,0.001,-0.10268452,3.7947235,7.486829
3,2560143,320,106.50989399293393,192.34013248816157,0.001,-0.10268452,3.7947235,7.486829
4,2560143,320,468.35443037974414,192.34013248816157,0.001,-0.10268452,3.7947235,7.486829
5,2560143,320,533.0739299610836,192.34013248816157,0.001,-0.10268452,3.7947235,7.486829
6,2560143,320,395.49839228295855,192.34013248816157,0.001,-0.10268452,3.7947235,7.486829
7,2560143,320,455.88235294117067,192.34013248816157,0.001,-0.10268452,3.7947235,7.486829
8,2560143,320,84.25392491467646,192.34013248816157,0.001,-0.10268452,3.7947235,7.486829
9,2560143,320,510.63829787233686,192.34013248816157,0.001,-0.10268452,3.7947235,7.486829
10,2560143,320,453.33333333333087,192.34013248816157,0.001,-0.10268452,3.7947235,7.486829
1,2600143,325,517.8571428571372,189.03641315605003,0.001,-0.09749332,3.822681,7.5479374
2,2600143,325,359.4306049822108,189.03641315605003,0.001,-0.09749332,3.822681,7.5479374
3,2600143,325,538.7596899224752,189.03641315605003,0.001,-0.09749332,3.822681,7.5479374
4,2600143,325,491.2280701754322,189.03641315605003,0.001,-0.09749332,3.822681,7.5479374
5,2600143,325,418.0064308681648,189.03641315605003,0.001,-0.09749332,3.822681,7.5479374
6,2600143,325,458.78136200716375,189.03641315605003,0.001,-0.09749332,3.822681,7.5479374
7,2600143,325,519.8555956678621,189.03641315605003,0.001,-0.09749332,3.822681,7.5479374
8,2600143,325,457.1428571428563,189.03641315605003,0.001,-0.09749332,3.822681,7.5479374
9,2600143,325,571.9696969696897,189.03641315605003,0.001,-0.09749332,3.822681,7.5479374
10,2600143,325,453.3333333333286,189.03641315605003,0.001,-0.09749332,3.822681,7.5479374
1,2640977,330,452.20588235293746,195.04323263697498,0.001,-0.094829164,3.8544767,7.614191
2,2640977,330,412.69841269841197,195.04323263697498,0.001,-0.094829164,3.8544767,7.614191
3,2640977,330,536.6666666666606,195.04323263697498,0.001,-0.094829164,3.8544767,7.614191
4,2640977,330,489.95983935742424,195.04323263697498,0.001,-0.094829164,3.8544767,7.614191
5,2640977,330,524.7524752475186,195.04323263697498,0.001,-0.094829164,3.8544767,7.614191
6,2640977,330,458.47176079733816,195.04323263697498,0.001,-0.094829164,3.8544767,7.614191
7,2640977,330,168.63119891008503,195.04323263697498,0.001,-0.094829164,3.8544767,7.614191
8,2640977,330,479.4520547945169,195.04323263697498,0.001,-0.094829164,3.8544767,7.614191
9,2640977,330,484.94983277591655,195.04323263697498,0.001,-0.094829164,3.8544767,7.614191
10,2640977,330,94.23778625954296,195.04323263697498,0.001,-0.094829164,3.8544767,7.614191
1,2680977,335,524.5901639344208,223.12079157002682,0.001,-0.10142685,3.8835113,7.6656637
2,2680977,335,519.3548387096705,223.12079157002682,0.001,-0.10142685,3.8835113,7.6656637
3,2680977,335,486.66666666666146,223.12079157002682,0.001,-0.10142685,3.8835113,7.6656637
4,2680977,335,464.51612903225663,223.12079157002682,0.001,-0.10142685,3.8835113,7.6656637
5,2680977,335,594.3060498220574,223.12079157002682,0.001,-0.10142685,3.8835113,7.6656637
6,2680977,335,242.62132132132524,223.12079157002682,0.001,-0.10142685,3.8835113,7.6656637
7,2680977,335,453.3333333333307,223.12079157002682,0.001,-0.10142685,3.8835113,7.6656637
8,2680977,335,403.03030303030243,223.12079157002682,0.001,-0.10142685,3.8835113,7.6656637
9,2680977,335,516.853932584263,223.12079157002682,0.001,-0.10142685,3.8835113,7.6656637
10,2680977,335,621.0937499999925,223.12079157002682,0.001,-0.10142685,3.8835113,7.6656637
1,2720427,340,563.573883161504,222.64532974864233,0.001,-0.10174264,3.9064791,7.711284
2,2720427,340,539.9361022364164,222.64532974864233,0.001,-0.10174264,3.9064791,7.711284
3,2720427,340,561.8729096989916,222.64532974864233,0.001,-0.10174264,3.9064791,7.711284
4,2720427,340,111.08732394366282,222.64532974864233,0.001,-0.10174264,3.9064791,7.711284
5,2720427,340,571.4285714285627,222.64532974864233,0.001,-0.10174264,3.9064791,7.711284
6,2720427,340,664.1221374045722,222.64532974864233,0.001,-0.10174264,3.9064791,7.711284
7,2720427,340,521.2765957446738,222.64532974864233,0.001,-0.10174264,3.9064791,7.711284
8,2720427,340,509.3749999999918,222.64532974864233,0.001,-0.10174264,3.9064791,7.711284
9,2720427,340,552.3465703971053,222.64532974864233,0.001,-0.10174264,3.9064791,7.711284
10,2720427,340,603.9215686274442,222.64532974864233,0.001,-0.10174264,3.9064791,7.711284
1,2760966,345,555.1724137930942,224.36504541071372,0.001,-0.10082668,3.937597,7.774436
2,2760966,345,115.02491103202968,224.36504541071372,0.001,-0.10082668,3.937597,7.774436
3,2760966,345,115.74354838709768,224.36504541071372,0.001,-0.10082668,3.937597,7.774436
4,2760966,345,91.066871165645,224.36504541071372,0.001,-0.10082668,3.937597,7.774436
5,2760966,345,703.9999999999897,224.36504541071372,0.001,-0.10082668,3.937597,7.774436
6,2760966,345,486.4864864864787,224.36504541071372,0.001,-0.10082668,3.937597,7.774436
7,2760966,345,374.172185430467,224.36504541071372,0.001,-0.10082668,3.937597,7.774436
8,2760966,345,646.8253968253882,224.36504541071372,0.001,-0.10082668,3.937597,7.774436
9,2760966,345,561.2244897959126,224.36504541071372,0.001,-0.10082668,3.937597,7.774436
10,2760966,345,620.5673758865165,224.36504541071372,0.001,-0.10082668,3.937597,7.774436
1,2800648,350,141.74716312056904,224.91131943407422,0.001,-0.09957915,3.9681406,7.836772
2,2800648,350,525.8064516128974,224.91131943407422,0.001,-0.09957915,3.9681406,7.836772
3,2800648,350,130.81111111111258,224.91131943407422,0.001,-0.09957915,3.9681406,7.836772
4,2800648,350,89.20503597122365,224.91131943407422,0.001,-0.09957915,3.9681406,7.836772
5,2800648,350,638.0597014925264,224.91131943407422,0.001,-0.09957915,3.9681406,7.836772
6,2800648,350,591.4396887159459,224.91131943407422,0.001,-0.09957915,3.9681406,7.836772
7,2800648,350,511.11111111110586,224.91131943407422,0.001,-0.09957915,3.9681406,7.836772
8,2800648,350,483.66013071894895,224.91131943407422,0.001,-0.09957915,3.9681406,7.836772
9,2800648,350,128.00572519084108,224.91131943407422,0.001,-0.09957915,3.9681406,7.836772
10,2800648,350,107.08617021276707,224.91131943407422,0.001,-0.09957915,3.9681406,7.836772
1,2840469,355,584.4155844155766,241.40006486669992,0.001,-0.10414398,3.9886577,7.873241
2,2840469,355,619.3771626297503,241.40006486669992,0.001,-0.10414398,3.9886577,7.873241
3,2840469,355,572.7740740740636,241.40006486669992,0.001,-0.10414398,3.9886577,7.873241
4,2840469,355,575.3424657534197,241.40006486669992,0.001,-0.10414398,3.9886577,7.873241
5,2840469,355,567.0103092783423,241.40006486669992,0.001,-0.10414398,3.9886577,7.873241
6,2840469,355,499.99999999999545,241.40006486669992,0.001,-0.10414398,3.9886577,7.873241
7,2840469,355,525.0836120401283,241.40006486669992,0.001,-0.10414398,3.9886577,7.873241
8,2840469,355,612.7819548872061,241.40006486669992,0.001,-0.10414398,3.9886577,7.873241
9,2840469,355,582.19178082191,241.40006486669992,0.001,-0.10414398,3.9886577,7.873241
10,2840469,355,554.7945205479376,241.40006486669992,0.001,-0.10414398,3.9886577,7.873241
1,2880954,360,521.9941348973537,265.6567462282878,0.001,-0.109262034,4.005035,7.9008775
2,2880954,360,559.6026490066141,265.6567462282878,0.001,-0.109262034,4.005035,7.9008775
3,2880954,360,419.7045454545391,265.6567462282878,0.001,-0.109262034,4.005035,7.9008775
4,2880954,360,475.609756097555,265.6567462282878,0.001,-0.109262034,4.005035,7.9008775
5,2880954,360,654.1353383458523,265.6567462282878,0.001,-0.109262034,4.005035,7.9008775
6,2880954,360,129.77130584192574,265.6567462282878,0.001,-0.109262034,4.005035,7.9008775
7,2880954,360,197.91666666667157,265.6567462282878,0.001,-0.109262034,4.005035,7.9008775
8,2880954,360,546.8164794007394,265.6567462282878,0.001,-0.109262034,4.005035,7.9008775
9,2880954,360,272.12424242424083,265.6567462282878,0.001,-0.109262034,4.005035,7.9008775
10,2880954,360,640.4494382022365,265.6567462282878,0.001,-0.109262034,4.005035,7.9008775
1,2920701,365,564.3564356435588,269.81508767066344,0.001,-0.11223442,4.021086,7.9300094
2,2920701,365,402.20714285713524,269.81508767066344,0.001,-0.11223442,4.021086,7.9300094
3,2920701,365,303.8404255319125,269.81508767066344,0.001,-0.11223442,4.021086,7.9300094
4,2920701,365,511.78451178450365,269.81508767066344,0.001,-0.11223442,4.021086,7.9300094
5,2920701,365,563.5738831615047,269.81508767066344,0.001,-0.11223442,4.021086,7.9300094
6,2920701,365,734.6153846153729,269.81508767066344,0.001,-0.11223442,4.021086,7.9300094
7,2920701,365,193.768537859011,269.81508767066344,0.001,-0.11223442,4.021086,7.9300094
8,2920701,365,589.7435897435832,269.81508767066344,0.001,-0.11223442,4.021086,7.9300094
9,2920701,365,260.26928104575205,269.81508767066344,0.001,-0.11223442,4.021086,7.9300094
10,2920701,365,117.59237288135692,269.81508767066344,0.001,-0.11223442,4.021086,7.9300094
1,2960701,370,599.9999999999882,268.4391877205218,0.001,-0.112214394,4.0328984,7.9536543
2,2960701,370,604.7297297297229,268.4391877205218,0.001,-0.112214394,4.0328984,7.9536543
3,2960701,370,83.79965034965312,268.4391877205218,0.001,-0.112214394,4.0328984,7.9536543
4,2960701,370,111.57679738562203,268.4391877205218,0.001,-0.112214394,4.0328984,7.9536543
5,2960701,370,360.5442176870788,268.4391877205218,0.001,-0.112214394,4.0328984,7.9536543
6,2960701,370,513.6054421768652,268.4391877205218,0.001,-0.112214394,4.0328984,7.9536543
7,2960701,370,551.8394648829361,268.4391877205218,0.001,-0.112214394,4.0328984,7.9536543
8,2960701,370,609.0225563909678,268.4391877205218,0.001,-0.112214394,4.0328984,7.9536543
9,2960701,370,116.05130111524302,268.4391877205218,0.001,-0.112214394,4.0328984,7.9536543
10,2960701,370,614.8648648648577,268.4391877205218,0.001,-0.112214394,4.0328984,7.9536543
1,3000350,375,648.2758620689534,279.65533783282757,0.001,-0.11671462,4.045427,7.974212
2,3000350,375,600.6711409395884,279.65533783282757,0.001,-0.11671462,4.045427,7.974212
3,3000350,375,535.4838709677363,279.65533783282757,0.001,-0.11671462,4.045427,7.974212
4,3000350,375,666.6666666666547,279.65533783282757,0.001,-0.11671462,4.045427,7.974212
5,3000350,375,388.2070063694191,279.65533783282757,0.001,-0.11671462,4.045427,7.974212
6,3000350,375,614.2857142857025,279.65533783282757,0.001,-0.11671462,4.045427,7.974212
7,3000350,375,581.3953488371988,279.65533783282757,0.001,-0.11671462,4.045427,7.974212
8,3000350,375,501.7921146953384,279.65533783282757,0.001,-0.11671462,4.045427,7.974212
9,3000350,375,578.4313725490108,279.65533783282757,0.001,-0.11671462,4.045427,7.974212
10,3000350,375,498.49849849849204,279.65533783282757,0.001,-0.11671462,4.045427,7.974212
1,3040350,380,548.5893416927836,287.6337919985115,0.001,-0.120804735,4.052239,7.9837456
2,3040350,380,560.6557377049103,287.6337919985115,0.001,-0.120804735,4.052239,7.9837456
3,3040350,380,673.9130434782518,287.6337919985115,0.001,-0.120804735,4.052239,7.9837456
4,3040350,380,653.8461538461448,287.6337919985115,0.001,-0.120804735,4.052239,7.9837456
5,3040350,380,409.09090909090486,287.6337919985115,0.001,-0.120804735,4.052239,7.9837456
6,3040350,380,704.2801556420129,287.6337919985115,0.001,-0.120804735,4.052239,7.9837456
7,3040350,380,583.6177474402622,287.6337919985115,0.001,-0.120804735,4.052239,7.9837456
8,3040350,380,625.8503401360466,287.6337919985115,0.001,-0.120804735,4.052239,7.9837456
9,3040350,380,552.5423728813462,287.6337919985115,0.001,-0.120804735,4.052239,7.9837456
10,3040350,380,527.0758122743601,287.6337919985115,0.001,-0.120804735,4.052239,7.9837456
1,3080220,385,682.352941176461,299.7498612271142,0.001,-0.12724929,4.059602,7.9920278
2,3080220,385,257.2973856209146,299.7498612271142,0.001,-0.12724929,4.059602,7.9920278
3,3080220,385,675.6756756756638,299.7498612271142,0.001,-0.12724929,4.059602,7.9920278
4,3080220,385,318.4713375796225,299.7498612271142,0.001,-0.12724929,4.059602,7.9920278
5,3080220,385,211.48382789317785,299.7498612271142,0.001,-0.12724929,4.059602,7.9920278
6,3080220,385,656.6037735848947,299.7498612271142,0.001,-0.12724929,4.059602,7.9920278
7,3080220,385,645.7564575645667,299.7498612271142,0.001,-0.12724929,4.059602,7.9920278
8,3080220,385,637.037037037027,299.7498612271142,0.001,-0.12724929,4.059602,7.9920278
9,3080220,385,517.5438596491161,299.7498612271142,0.001,-0.12724929,4.059602,7.9920278
10,3080220,385,663.1205673758775,299.7498612271142,0.001,-0.12724929,4.059602,7.9920278
1,3120038,390,319.58871473353804,298.8738344994705,0.001,-0.12941039,4.066299,8.003262
2,3120038,390,574.9999999999917,298.8738344994705,0.001,-0.12941039,4.066299,8.003262
3,3120038,390,230.0792682926859,298.8738344994705,0.001,-0.12941039,4.066299,8.003262
4,3120038,390,467.6056338028122,298.8738344994705,0.001,-0.12941039,4.066299,8.003262
5,3120038,390,562.0689655172316,298.8738344994705,0.001,-0.12941039,4.066299,8.003262
6,3120038,390,78.41563573883236,298.8738344994705,0.001,-0.12941039,4.066299,8.003262
7,3120038,390,539.4321766561416,298.8738344994705,0.001,-0.12941039,4.066299,8.003262
8,3120038,390,642.8571428571353,298.8738344994705,0.001,-0.12941039,4.066299,8.003262
9,3120038,390,325.0773993808092,298.8738344994705,0.001,-0.12941039,4.066299,8.003262
10,3120038,390,385.09316770186535,298.8738344994705,0.001,-0.12941039,4.066299,8.003262
1,3160038,395,599.9999999999902,307.0124674331014,0.001,-0.13426827,4.071901,8.009607
2,3160038,395,749.9999999999876,307.0124674331014,0.001,-0.13426827,4.071901,8.009607
3,3160038,395,564.6258503401298,307.0124674331014,0.001,-0.13426827,4.071901,8.009607
4,3160038,395,614.3790849673109,307.0124674331014,0.001,-0.13426827,4.071901,8.009607
5,3160038,395,655.3030303030208,307.0124674331014,0.001,-0.13426827,4.071901,8.009607
6,3160038,395,715.3558052434352,307.0124674331014,0.001,-0.13426827,4.071901,8.009607
7,3160038,395,578.947368421045,307.0124674331014,0.001,-0.13426827,4.071901,8.009607
8,3160038,395,204.22535211268092,307.0124674331014,0.001,-0.13426827,4.071901,8.009607
9,3160038,395,641.5770609318896,307.0124674331014,0.001,-0.13426827,4.071901,8.009607
10,3160038,395,626.2626262626156,307.0124674331014,0.001,-0.13426827,4.071901,8.009607
1,3200038,400,93.97337662337735,307.70010195331014,0.001,-0.13625981,4.0795193,8.022854
2,3200038,400,583.5866261398087,307.70010195331014,0.001,-0.13625981,4.0795193,8.022854
3,3200038,400,748.2758620689514,307.70010195331014,0.001,-0.13625981,4.0795193,8.022854
4,3200038,400,772.2007722007581,307.70010195331014,0.001,-0.13625981,4.0795193,8.022854
5,3200038,400,687.4999999999877,307.70010195331014,0.001,-0.13625981,4.0795193,8.022854
6,3200038,400,631.097560975603,307.70010195331014,0.001,-0.13625981,4.0795193,8.022854
7,3200038,400,82.93685121107326,307.70010195331014,0.001,-0.13625981,4.0795193,8.022854
8,3200038,400,730.7692307692203,307.70010195331014,0.001,-0.13625981,4.0795193,8.022854
9,3200038,400,692.3076923076821,307.70010195331014,0.001,-0.13625981,4.0795193,8.022854
10,3200038,400,707.2243346007517,307.70010195331014,0.001,-0.13625981,4.0795193,8.022854
1,3240572,405,122.49442508710894,309.6675013942032,0.001,-0.13874355,4.090221,8.041774
2,3240572,405,729.7297297297173,309.6675013942032,0.001,-0.13874355,4.090221,8.041774
3,3240572,405,667.7631578947252,309.6675013942032,0.001,-0.13874355,4.090221,8.041774
4,3240572,405,695.5128205128107,309.6675013942032,0.001,-0.13874355,4.090221,8.041774
5,3240572,405,139.74242424242513,309.6675013942032,0.001,-0.13874355,4.090221,8.041774
6,3240572,405,758.364312267646,309.6675013942032,0.001,-0.13874355,4.090221,8.041774
7,3240572,405,745.704467353939,309.6675013942032,0.001,-0.13874355,4.090221,8.041774
8,3240572,405,850.3649635036348,309.6675013942032,0.001,-0.13874355,4.090221,8.041774
9,3240572,405,782.1428571428435,309.6675013942032,0.001,-0.13874355,4.090221,8.041774
10,3240572,405,788.4615384615267,309.6675013942032,0.001,-0.13874355,4.090221,8.041774
1,3280572,410,732.1428571428439,332.6326408675955,0.001,-0.1458455,4.1050315,8.064294
2,3280572,410,607.5949367088494,332.6326408675955,0.001,-0.1458455,4.1050315,8.064294
3,3280572,410,713.8047138047012,332.6326408675955,0.001,-0.1458455,4.1050315,8.064294
4,3280572,410,722.9729729729606,332.6326408675955,0.001,-0.1458455,4.1050315,8.064294
5,3280572,410,781.6091954022877,332.6326408675955,0.001,-0.1458455,4.1050315,8.064294
6,3280572,410,275.2052631578916,332.6326408675955,0.001,-0.1458455,4.1050315,8.064294
7,3280572,410,714.8014440433104,332.6326408675955,0.001,-0.1458455,4.1050315,8.064294
8,3280572,410,731.7073170731587,332.6326408675955,0.001,-0.1458455,4.1050315,8.064294
9,3280572,410,311.345070422533,332.6326408675955,0.001,-0.1458455,4.1050315,8.064294
10,3280572,410,634.3749999999908,332.6326408675955,0.001,-0.1458455,4.1050315,8.064294
1,3320075,415,754.9019607842991,348.2418761069771,0.001,-0.1543885,4.118077,8.081841
2,3320075,415,844.8275862068814,348.2418761069771,0.001,-0.1543885,4.118077,8.081841
3,3320075,415,783.5051546391614,348.2418761069771,0.001,-0.1543885,4.118077,8.081841
4,3320075,415,122.41666666666762,348.2418761069771,0.001,-0.1543885,4.118077,8.081841
5,3320075,415,811.1111111110966,348.2418761069771,0.001,-0.1543885,4.118077,8.081841
6,3320075,415,560.897435897434,348.2418761069771,0.001,-0.1543885,4.118077,8.081841
7,3320075,415,932.270916334651,348.2418761069771,0.001,-0.1543885,4.118077,8.081841
8,3320075,415,542.0636363636238,348.2418761069771,0.001,-0.1543885,4.118077,8.081841
9,3320075,415,827.9569892472989,348.2418761069771,0.001,-0.1543885,4.118077,8.081841
10,3320075,415,858.2375478927105,348.2418761069771,0.001,-0.1543885,4.118077,8.081841
1,3360593,420,754.266211604081,360.3919155958252,0.001,-0.16143744,4.1320963,8.102832
2,3360593,420,132.25433070866234,360.3919155958252,0.001,-0.16143744,4.1320963,8.102832
3,3360593,420,151.53895582329446,360.3919155958252,0.001,-0.16143744,4.1320963,8.102832
4,3360593,420,850.1872659175925,360.3919155958252,0.001,-0.16143744,4.1320963,8.102832
5,3360593,420,756.6666666666557,360.3919155958252,0.001,-0.16143744,4.1320963,8.102832
6,3360593,420,623.8244514106487,360.3919155958252,0.001,-0.16143744,4.1320963,8.102832
7,3360593,420,666.6666666666539,360.3919155958252,0.001,-0.16143744,4.1320963,8.102832
8,3360593,420,542.5706293706216,360.3919155958252,0.001,-0.16143744,4.1320963,8.102832
9,3360593,420,831.460674157293,360.3919155958252,0.001,-0.16143744,4.1320963,8.102832
10,3360593,420,652.9968454258554,360.3919155958252,0.001,-0.16143744,4.1320963,8.102832
1,3400273,425,721.6828478964273,385.479088151098,0.001,-0.1717631,4.144073,8.11646
2,3400273,425,310.876421404679,385.479088151098,0.001,-0.1717631,4.144073,8.11646
3,3400273,425,846.4285714285566,385.479088151098,0.001,-0.1717631,4.144073,8.11646
4,3400273,425,767.9180887371863,385.479088151098,0.001,-0.1717631,4.144073,8.11646
5,3400273,425,827.3381294963876,385.479088151098,0.001,-0.1717631,4.144073,8.11646
6,3400273,425,739.8119122256919,385.479088151098,0.001,-0.1717631,4.144073,8.11646
7,3400273,425,833.9350180505317,385.479088151098,0.001,-0.1717631,4.144073,8.11646
8,3400273,425,761.7449664429417,385.479088151098,0.001,-0.1717631,4.144073,8.11646
9,3400273,425,835.0877192982299,385.479088151098,0.001,-0.1717631,4.144073,8.11646
10,3400273,425,825.454545454532,385.479088151098,0.001,-0.1717631,4.144073,8.11646
1,3440705,430,315.67894736841725,408.0875026804227,0.001,-0.18318087,4.152813,8.122522
2,3440705,430,731.7880794701887,408.0875026804227,0.001,-0.18318087,4.152813,8.122522
3,3440705,430,132.38523489933,408.0875026804227,0.001,-0.18318087,4.152813,8.122522
4,3440705,430,853.8461538461416,408.0875026804227,0.001,-0.18318087,4.152813,8.122522
5,3440705,430,692.5675675675564,408.0875026804227,0.001,-0.18318087,4.152813,8.122522
6,3440705,430,154.13969465648978,408.0875026804227,0.001,-0.18318087,4.152813,8.122522
7,3440705,430,686.9009584664433,408.0875026804227,0.001,-0.18318087,4.152813,8.122522
8,3440705,430,784.946236559128,408.0875026804227,0.001,-0.18318087,4.152813,8.122522
9,3440705,430,809.8591549295633,408.0875026804227,0.001,-0.18318087,4.152813,8.122522
10,3440705,430,751.6556291390638,408.0875026804227,0.001,-0.18318087,4.152813,8.122522
1,3480705,435,690.6249999999893,418.20091288548923,0.001,-0.19302449,4.164764,8.136581
2,3480705,435,138.5207482993207,418.20091288548923,0.001,-0.19302449,4.164764,8.136581
3,3480705,435,762.4113475177207,418.20091288548923,0.001,-0.19302449,4.164764,8.136581
4,3480705,435,844.4444444444309,418.20091288548923,0.001,-0.19302449,4.164764,8.136581
5,3480705,435,712.4600638977533,418.20091288548923,0.001,-0.19302449,4.164764,8.136581
6,3480705,435,712.9337539432055,418.20091288548923,0.001,-0.19302449,4.164764,8.136581
7,3480705,435,662.8895184135874,418.20091288548923,0.001,-0.19302449,4.164764,8.136581
8,3480705,435,766.7844522968086,418.20091288548923,0.001,-0.19302449,4.164764,8.136581
9,3480705,435,821.8181818181679,418.20091288548923,0.001,-0.19302449,4.164764,8.136581
10,3480705,435,771.3310580204638,418.20091288548923,0.001,-0.19302449,4.164764,8.136581
1,3520461,440,702.5316455696106,425.6578672807228,0.001,-0.20268282,4.1774473,8.152291
2,3520461,440,733.5423197492031,425.6578672807228,0.001,-0.20268282,4.1774473,8.152291
3,3520461,440,146.64558303887026,425.6578672807228,0.001,-0.20268282,4.1774473,8.152291
4,3520461,440,228.31167192429248,425.6578672807228,0.001,-0.20268282,4.1774473,8.152291
5,3520461,440,251.89761904761934,425.6578672807228,0.001,-0.20268282,4.1774473,8.152291
6,3520461,440,661.7647058823476,425.6578672807228,0.001,-0.20268282,4.1774473,8.152291
7,3520461,440,731.861198738158,425.6578672807228,0.001,-0.20268282,4.1774473,8.152291
8,3520461,440,893.5361216729866,425.6578672807228,0.001,-0.20268282,4.1774473,8.152291
9,3520461,440,785.211267605621,425.6578672807228,0.001,-0.20268282,4.1774473,8.152291
10,3520461,440,976.4705882352766,425.6578672807228,0.001,-0.20268282,4.1774473,8.152291
1,3560911,445,761.2903225806365,430.2899688851073,0.001,-0.20895037,4.1954703,8.18207
2,3560911,445,738.2550335570344,430.2899688851073,0.001,-0.20895037,4.1954703,8.18207
3,3560911,445,833.3333333333221,430.2899688851073,0.001,-0.20895037,4.1954703,8.18207
4,3560911,445,788.3959044368453,430.2899688851073,0.001,-0.20895037,4.1954703,8.18207
5,3560911,445,805.9701492537164,430.2899688851073,0.001,-0.20895037,4.1954703,8.18207
6,3560911,445,793.9189189189052,430.2899688851073,0.001,-0.20895037,4.1954703,8.18207
7,3560911,445,764.5161290322494,430.2899688851073,0.001,-0.20895037,4.1954703,8.18207
8,3560911,445,466.44242424241787,430.2899688851073,0.001,-0.20895037,4.1954703,8.18207
9,3560911,445,867.8571428571281,430.2899688851073,0.001,-0.20895037,4.1954703,8.18207
10,3560911,445,885.1851851851701,430.2899688851073,0.001,-0.20895037,4.1954703,8.18207
1,3600911,450,801.9480519480379,432.648916722332,0.001,-0.2134233,4.2122426,8.211142
2,3600911,450,831.4606741572914,432.648916722332,0.001,-0.2134233,4.2122426,8.211142
3,3600911,450,864.111498257826,432.648916722332,0.001,-0.2134233,4.2122426,8.211142
4,3600911,450,758.9576547231128,432.648916722332,0.001,-0.2134233,4.2122426,8.211142
5,3600911,450,231.6011976047937,432.648916722332,0.001,-0.2134233,4.2122426,8.211142
6,3600911,450,124.3244680851075,432.648916722332,0.001,-0.2134233,4.2122426,8.211142
7,3600911,450,806.0200668896172,432.648916722332,0.001,-0.2134233,4.2122426,8.211142
8,3600911,450,156.57631578947573,432.648916722332,0.001,-0.2134233,4.2122426,8.211142
9,3600911,450,835.0877192982304,432.648916722332,0.001,-0.2134233,4.2122426,8.211142
10,3600911,450,354.24137931034033,432.648916722332,0.001,-0.2134233,4.2122426,8.211142
1,3640395,455,904.9429657794499,419.71739659141866,0.001,-0.21383052,4.237732,8.261715
2,3640395,455,128.11602787456604,419.71739659141866,0.001,-0.21383052,4.237732,8.261715
3,3640395,455,486.3325732898952,419.71739659141866,0.001,-0.21383052,4.237732,8.261715
4,3640395,455,822.0064724918961,419.71739659141866,0.001,-0.21383052,4.237732,8.261715
5,3640395,455,306.65716845877904,419.71739659141866,0.001,-0.21383052,4.237732,8.261715
6,3640395,455,859.7122302158119,419.71739659141866,0.001,-0.21383052,4.237732,8.261715
7,3640395,455,872.7272727272577,419.71739659141866,0.001,-0.21383052,4.237732,8.261715
8,3640395,455,983.5390946501944,419.71739659141866,0.001,-0.21383052,4.237732,8.261715
9,3640395,455,905.7971014492656,419.71739659141866,0.001,-0.21383052,4.237732,8.261715
10,3640395,455,781.4569536423746,419.71739659141866,0.001,-0.21383052,4.237732,8.261715
1,3680395,460,824.5614035087572,424.0021124898192,0.001,-0.21628752,4.264288,8.312369
2,3680395,460,839.7212543553879,424.0021124898192,0.001,-0.21628752,4.264288,8.312369
3,3680395,460,776.8777777777649,424.0021124898192,0.001,-0.21628752,4.264288,8.312369
4,3680395,460,465.88660436136337,424.0021124898192,0.001,-0.21628752,4.264288,8.312369
5,3680395,460,888.8888888888745,424.0021124898192,0.001,-0.21628752,4.264288,8.312369
6,3680395,460,790.0355871886021,424.0021124898192,0.001,-0.21628752,4.264288,8.312369
7,3680395,460,415.9650306748405,424.0021124898192,0.001,-0.21628752,4.264288,8.312369
8,3680395,460,716.0120845921302,424.0021124898192,0.001,-0.21628752,4.264288,8.312369
9,3680395,460,905.3030303030151,424.0021124898192,0.001,-0.21628752,4.264288,8.312369
10,3680395,460,810.0358422938945,424.0021124898192,0.001,-0.21628752,4.264288,8.312369
1,3720395,465,717.7318181818033,440.79252886942254,0.001,-0.22313093,4.2842665,8.345484
2,3720395,465,574.9128919860598,440.79252886942254,0.001,-0.22313093,4.2842665,8.345484
3,3720395,465,891.6083916083775,440.79252886942254,0.001,-0.22313093,4.2842665,8.345484
4,3720395,465,786.7944444444292,440.79252886942254,0.001,-0.22313093,4.2842665,8.345484
5,3720395,465,297.7957055214699,440.79252886942254,0.001,-0.22313093,4.2842665,8.345484
6,3720395,465,980.6949806949632,440.79252886942254,0.001,-0.22313093,4.2842665,8.345484
7,3720395,465,291.9808917197358,440.79252886942254,0.001,-0.22313093,4.2842665,8.345484
8,3720395,465,317.147798742135,440.79252886942254,0.001,-0.22313093,4.2842665,8.345484
9,3720395,465,895.4703832752476,440.79252886942254,0.001,-0.22313093,4.2842665,8.345484
10,3720395,465,792.7631578947229,440.79252886942254,0.001,-0.22313093,4.2842665,8.345484
1,3760395,470,1000.9999999999881,441.7542121391036,0.001,-0.22579993,4.307939,8.390161
2,3760395,470,1008.799999999986,441.7542121391036,0.001,-0.22579993,4.307939,8.390161
3,3760395,470,810.1694915254106,441.7542121391036,0.001,-0.22579993,4.307939,8.390161
4,3760395,470,309.93636363636125,441.7542121391036,0.001,-0.22579993,4.307939,8.390161
5,3760395,470,811.6883116882972,441.7542121391036,0.001,-0.22579993,4.307939,8.390161
6,3760395,470,760.7973421926791,441.7542121391036,0.001,-0.22579993,4.307939,8.390161
7,3760395,470,789.2976588628608,441.7542121391036,0.001,-0.22579993,4.307939,8.390161
8,3760395,470,154.15547945205617,441.7542121391036,0.001,-0.22579993,4.307939,8.390161
9,3760395,470,448.814814814808,441.7542121391036,0.001,-0.22579993,4.307939,8.390161
10,3760395,470,135.74301075268934,441.7542121391036,0.001,-0.22579993,4.307939,8.390161
1,3800716,475,106.00177304964622,438.0136456201807,0.001,-0.22772884,4.337174,8.446702
2,3800716,475,926.6409266409096,438.0136456201807,0.001,-0.22772884,4.337174,8.446702
3,3800716,475,562.7512820512729,438.0136456201807,0.001,-0.22772884,4.337174,8.446702
4,3800716,475,674.9737762237635,438.0136456201807,0.001,-0.22772884,4.337174,8.446702
5,3800716,475,817.5675675675521,438.0136456201807,0.001,-0.22772884,4.337174,8.446702
6,3800716,475,890.7849829351359,438.0136456201807,0.001,-0.22772884,4.337174,8.446702
7,3800716,475,895.5223880596851,438.0136456201807,0.001,-0.22772884,4.337174,8.446702
8,3800716,475,873.7541528239102,438.0136456201807,0.001,-0.22772884,4.337174,8.446702
9,3800716,475,886.9863013698474,438.0136456201807,0.001,-0.22772884,4.337174,8.446702
10,3800716,475,529.8749999999895,438.0136456201807,0.001,-0.22772884,4.337174,8.446702
1,3840687,480,709.3023255813855,432.03873693393854,0.001,-0.22742666,4.366759,8.506174
2,3840687,480,539.5683453237399,432.03873693393854,0.001,-0.22742666,4.366759,8.506174
3,3840687,480,127.99682274247927,432.03873693393854,0.001,-0.22742666,4.366759,8.506174
4,3840687,480,701.8633540372533,432.03873693393854,0.001,-0.22742666,4.366759,8.506174
5,3840687,480,901.8181818181664,432.03873693393854,0.001,-0.22742666,4.366759,8.506174
6,3840687,480,768.9243027888385,432.03873693393854,0.001,-0.22742666,4.366759,8.506174
7,3840687,480,392.1284511784464,432.03873693393854,0.001,-0.22742666,4.366759,8.506174
8,3840687,480,286.2255319148924,432.03873693393854,0.001,-0.22742666,4.366759,8.506174
9,3840687,480,568.1771331057902,432.03873693393854,0.001,-0.22742666,4.366759,8.506174
10,3840687,480,606.9182389937,432.03873693393854,0.001,-0.22742666,4.366759,8.506174
1,3880687,485,805.194805194791,438.87516352180796,0.001,-0.2308112,4.390845,8.550962
2,3880687,485,803.9867109634436,438.87516352180796,0.001,-0.2308112,4.390845,8.550962
3,3880687,485,807.0601374570291,438.87516352180796,0.001,-0.2308112,4.390845,8.550962
4,3880687,485,285.52608695651816,438.87516352180796,0.001,-0.2308112,4.390845,8.550962
5,3880687,485,823.1292517006693,438.87516352180796,0.001,-0.2308112,4.390845,8.550962
6,3880687,485,375.08969072164547,438.87516352180796,0.001,-0.2308112,4.390845,8.550962
7,3880687,485,893.47079037799,438.87516352180796,0.001,-0.2308112,4.390845,8.550962
8,3880687,485,842.8093645484786,438.87516352180796,0.001,-0.2308112,4.390845,8.550962
9,3880687,485,570.8679442508616,438.87516352180796,0.001,-0.2308112,4.390845,8.550962
10,3880687,485,927.8350515463748,438.87516352180796,0.001,-0.2308112,4.390845,8.550962
1,3920152,490,505.26808510637636,444.52917294474577,0.001,-0.230089,4.4268556,8.623707
2,3920152,490,992.6199261992508,444.52917294474577,0.001,-0.230089,4.4268556,8.623707
3,3920152,490,972.9729729729539,444.52917294474577,0.001,-0.230089,4.4268556,8.623707
4,3920152,490,876.7123287671069,444.52917294474577,0.001,-0.230089,4.4268556,8.623707
5,3920152,490,379.8789473684147,444.52917294474577,0.001,-0.230089,4.4268556,8.623707
6,3920152,490,398.1194174757215,444.52917294474577,0.001,-0.230089,4.4268556,8.623707
7,3920152,490,679.6407185628599,444.52917294474577,0.001,-0.230089,4.4268556,8.623707
8,3920152,490,904.6052631578793,444.52917294474577,0.001,-0.230089,4.4268556,8.623707
9,3920152,490,296.7915309446223,444.52917294474577,0.001,-0.230089,4.4268556,8.623707
10,3920152,490,895.2702702702524,444.52917294474577,0.001,-0.230089,4.4268556,8.623707
1,3960689,495,343.89999999999503,429.43246001737174,0.001,-0.22498854,4.465586,8.706268
2,3960689,495,950.9433962264034,429.43246001737174,0.001,-0.22498854,4.465586,8.706268
3,3960689,495,845.5882352941029,429.43246001737174,0.001,-0.22498854,4.465586,8.706268
4,3960689,495,142.59301075268908,429.43246001737174,0.001,-0.22498854,4.465586,8.706268
5,3960689,495,1001.7999999999822,429.43246001737174,0.001,-0.22498854,4.465586,8.706268
6,3960689,495,346.1602739725996,429.43246001737174,0.001,-0.22498854,4.465586,8.706268
7,3960689,495,382.451612903223,429.43246001737174,0.001,-0.22498854,4.465586,8.706268
8,3960689,495,153.4406779661026,429.43246001737174,0.001,-0.22498854,4.465586,8.706268
9,3960689,495,1000.7999999999865,429.43246001737174,0.001,-0.22498854,4.465586,8.706268
10,3960689,495,851.8518518518349,429.43246001737174,0.001,-0.22498854,4.465586,8.706268
1,4000200,500,604.119718309848,411.3282249550365,0.001,-0.21946928,4.512871,8.806356
2,4000200,500,959.7069597069471,411.3282249550365,0.001,-0.21946928,4.512871,8.806356
3,4000200,500,858.6572438162414,411.3282249550365,0.001,-0.21946928,4.512871,8.806356
4,4000200,500,523.5147540983496,411.3282249550365,0.001,-0.21946928,4.512871,8.806356
5,4000200,500,973.6842105262971,411.3282249550365,0.001,-0.21946928,4.512871,8.806356
6,4000200,500,288.1112903225771,411.3282249550365,0.001,-0.21946928,4.512871,8.806356
7,4000200,500,976.4705882352769,411.3282249550365,0.001,-0.21946928,4.512871,8.806356
8,4000200,500,1008.2999999999888,411.3282249550365,0.001,-0.21946928,4.512871,8.806356
9,4000200,500,834.3749999999865,411.3282249550365,0.001,-0.21946928,4.512871,8.806356
10,4000200,500,904.6052631578791,411.3282249550365,0.001,-0.21946928,4.512871,8.806356
